BorrowID,MemberID,BookID,BorrowDate,ReturnDate
BR0001,M063,B143,2025-05-17,2025-06-07
BR0002,M101,B159,2024-10-14,2024-11-12
BR0003,M140,B077,2025-07-31,2025-08-09
BR0004,M007,B385,2026-02-25,2026-03-17
BR0005,M054,B184,2025-04-17,2025-05-12
BR0006,M018,B340,2024-10-25,2024-11-23
BR0007,M105,B284,2026-03-25,2026-04-22
BR0008,M078,B106,2024-05-22,2024-06-14
BR0009,M109,B330,2025-11-05,2025-11-12
BR0010,M123,B250,2024-03-16,2024-04-02
BR0011,M108,B232,2025-07-01,2025-07-20
BR0012,M138,B253,2026-03-20,2026-04-03
BR0013,M064,B278,2024-03-28,2024-04-03
BR0014,M012,B238,2024-12-29,2025-01-06
BR0015,M103,B389,2025-10-22,2025-11-15
BR0016,M111,B047,2024-12-05,2025-01-02
BR0017,M057,B214,2024-04-10,2024-04-21
BR0018,M149,B289,2025-06-15,2025-07-05
BR0019,M096,B168,2024-08-14,2024-08-31
BR0020,M129,B068,2026-03-01,2026-03-25
BR0021,M027,B128,2024-01-26,2024-02-13
BR0022,M037,B151,2024-03-28,2024-04-03
BR0023,M053,B222,2024-12-17,2025-01-03
BR0024,M025,B184,2024-12-22,2025-01-09
BR0025,M082,B028,2025-12-14,2025-12-31
BR0026,M030,B007,2024-02-15,2024-03-14
BR0027,M028,B287,2024-12-17,2025-01-09
BR0028,M063,B219,2024-06-17,2024-07-13
BR0029,M085,B236,2025-07-19,2025-07-27
BR0030,M104,B267,2025-04-18,2025-04-28
BR0031,M111,B169,2024-07-09,2024-08-01
BR0032,M051,B187,2026-01-25,2026-02-16
BR0033,M002,B296,2025-03-15,2025-03-30
BR0034,M017,B246,2024-07-29,2024-08-09
BR0035,M138,B082,2026-03-29,2026-04-28
BR0036,M118,B049,2024-11-29,2024-12-08
BR0037,M126,B225,2025-11-17,2025-12-17
BR0038,M100,B261,2025-10-16,2025-10-29
BR0039,M090,B152,2025-08-24,2025-08-30
BR0040,M045,B339,2025-04-13,2025-05-05
BR0041,M077,B374,2025-12-23,2026-01-20
BR0042,M035,B138,2025-08-27,2025-09-01
BR0043,M030,B079,2024-09-01,2024-09-13
BR0044,M131,B166,2025-12-11,2025-12-18
BR0045,M148,B165,2025-09-02,2025-09-09
BR0046,M138,B291,2024-07-09,2024-07-27
BR0047,M143,B072,2025-10-22,2025-10-30
BR0048,M048,B139,2024-10-22,2024-10-29
BR0049,M014,B355,2025-04-06,2025-04-28
BR0050,M035,B087,2024-01-10,2024-01-28
BR0051,M130,B276,2025-01-28,2025-02-17
BR0052,M126,B177,2025-02-22,2025-03-18
BR0053,M126,B072,2026-05-10,2026-05-27
BR0054,M057,B127,2025-08-01,2025-08-04
BR0055,M138,B124,2024-10-08,2024-10-18
BR0056,M145,B309,2026-03-10,2026-03-27
BR0057,M141,B215,2026-02-23,2026-03-13
BR0058,M069,B324,2025-08-09,2025-08-15
BR0059,M139,B343,2026-04-23,2026-05-07
BR0060,M113,B233,2024-02-12,2024-03-10
BR0061,M064,B130,2025-03-11,2025-03-17
BR0062,M068,B151,2024-02-03,2024-02-20
BR0063,M113,B355,2026-04-16,2026-04-21
BR0064,M061,B093,2024-04-30,2024-05-27
BR0065,M090,B354,2026-01-25,2026-02-15
BR0066,M110,B071,2025-09-16,2025-10-09
BR0067,M053,B339,2024-05-22,2024-06-19
BR0068,M146,B152,2026-04-04,2026-04-08
BR0069,M138,B073,2024-10-14,2024-11-05
BR0070,M075,B243,2025-12-21,2026-01-02
BR0071,M025,B063,2026-05-28,2026-06-16
BR0072,M106,B374,2026-02-07,2026-03-07
BR0073,M033,B293,2024-10-10,2024-11-09
BR0074,M038,B299,2024-05-15,2024-05-25
BR0075,M101,B204,2026-04-28,2026-05-08
BR0076,M069,B266,2025-08-14,2025-09-06
BR0077,M020,B267,2025-01-19,2025-02-05
BR0078,M104,B219,2026-02-26,2026-03-03
BR0079,M095,B188,2024-10-11,2024-11-05
BR0080,M149,B002,2025-05-14,2025-05-27
BR0081,M024,B306,2026-03-03,2026-04-02
BR0082,M092,B352,2025-04-14,2025-05-07
BR0083,M102,B096,2026-03-25,2026-04-14
BR0084,M055,B206,2025-03-15,2025-04-13
BR0085,M073,B148,2024-11-26,2024-12-25
BR0086,M145,B352,2025-08-14,2025-08-21
BR0087,M013,B019,2026-03-18,2026-03-31
BR0088,M118,B006,2025-10-03,2025-10-31
BR0089,M113,B189,2026-05-28,2026-06-05
BR0090,M034,B361,2025-03-14,2025-03-23
BR0091,M071,B043,2024-11-05,2024-11-13
BR0092,M022,B162,2025-01-04,2025-01-15
BR0093,M014,B170,2025-10-26,2025-11-03
BR0094,M060,B180,2024-11-08,2024-12-04
BR0095,M025,B001,2024-04-03,2024-04-28
BR0096,M034,B253,2025-05-03,2025-05-08
BR0097,M114,B003,2025-06-15,2025-07-09
BR0098,M031,B397,2025-12-13,2025-12-26
BR0099,M034,B197,2025-03-08,2025-04-02
BR0100,M023,B306,2024-08-22,2024-09-06
BR0101,M081,B159,2024-04-14,2024-04-20
BR0102,M098,B324,2024-11-02,2024-11-09
BR0103,M035,B269,2026-02-10,2026-03-12
BR0104,M018,B225,2025-11-24,2025-12-01
BR0105,M043,B184,2024-01-09,2024-01-31
BR0106,M039,B374,2026-01-09,2026-01-18
BR0107,M114,B353,2025-09-22,2025-10-16
BR0108,M036,B314,2024-03-29,2024-04-04
BR0109,M099,B152,2025-08-26,2025-09-21
BR0110,M036,B108,2025-03-15,2025-03-28
BR0111,M064,B234,2025-10-22,2025-10-27
BR0112,M073,B325,2025-09-06,2025-10-02
BR0113,M078,B091,2025-12-08,2025-12-11
BR0114,M049,B312,2025-09-13,2025-10-02
BR0115,M014,B329,2024-10-29,2024-11-21
BR0116,M127,B166,2026-03-23,2026-04-02
BR0117,M019,B225,2024-09-03,2024-09-21
BR0118,M082,B060,2024-01-13,2024-01-27
BR0119,M146,B179,2026-05-31,2026-06-29
BR0120,M045,B318,2025-07-13,2025-08-06
BR0121,M005,B252,2026-02-27,2026-03-04
BR0122,M056,B017,2024-01-15,2024-01-26
BR0123,M102,B211,2024-03-02,2024-03-30
BR0124,M129,B319,2025-10-05,2025-10-30
BR0125,M103,B040,2025-03-09,2025-04-03
BR0126,M040,B117,2025-07-03,2025-07-23
BR0127,M131,B374,2024-11-13,2024-11-18
BR0128,M138,B143,2026-04-07,2026-04-14
BR0129,M017,B137,2025-08-23,2025-09-15
BR0130,M062,B026,2025-03-23,2025-04-18
BR0131,M030,B188,2024-03-29,2024-04-14
BR0132,M080,B280,2025-09-15,2025-09-19
BR0133,M045,B053,2025-11-04,2025-11-30
BR0134,M003,B071,2025-12-25,2026-01-01
BR0135,M133,B329,2024-12-21,2025-01-09
BR0136,M043,B162,2026-01-08,2026-01-19
BR0137,M069,B306,2026-02-06,2026-03-05
BR0138,M008,B146,2024-04-30,2024-05-27
BR0139,M135,B027,2025-03-15,2025-03-26
BR0140,M020,B206,2025-12-30,2026-01-20
BR0141,M015,B207,2025-06-07,2025-06-21
BR0142,M095,B069,2025-08-03,2025-08-11
BR0143,M147,B285,2026-03-02,2026-03-08
BR0144,M131,B002,2024-04-28,2024-05-08
BR0145,M004,B107,2026-05-29,2026-06-28
BR0146,M099,B374,2025-04-28,2025-05-12
BR0147,M010,B234,2024-07-02,2024-08-01
BR0148,M108,B100,2026-01-01,2026-01-27
BR0149,M082,B115,2024-09-11,2024-09-27
BR0150,M096,B053,2024-03-20,2024-04-10
BR0151,M046,B099,2025-11-20,2025-11-24
BR0152,M103,B029,2025-06-12,2025-06-16
BR0153,M073,B324,2025-04-21,2025-05-21
BR0154,M023,B234,2024-11-14,2024-11-27
BR0155,M052,B127,2024-01-09,2024-01-23
BR0156,M063,B193,2026-03-14,2026-03-26
BR0157,M051,B306,2025-08-28,2025-09-15
BR0158,M063,B068,2025-07-13,2025-08-09
BR0159,M060,B231,2025-02-23,2025-02-26
BR0160,M003,B384,2025-10-13,2025-11-11
BR0161,M097,B352,2024-01-02,2024-01-29
BR0162,M027,B091,2026-01-14,2026-01-26
BR0163,M126,B387,2024-08-31,2024-09-16
BR0164,M072,B043,2024-05-25,2024-06-19
BR0165,M134,B176,2024-08-25,2024-09-24
BR0166,M022,B249,2025-01-16,2025-02-02
BR0167,M101,B034,2025-06-01,2025-06-08
BR0168,M112,B279,2025-08-04,2025-08-08
BR0169,M075,B112,2024-05-13,2024-05-23
BR0170,M101,B293,2024-11-18,2024-12-16
BR0171,M082,B188,2026-01-23,2026-02-05
BR0172,M052,B063,2024-08-27,2024-09-01
BR0173,M028,B069,2026-02-27,2026-03-20
BR0174,M120,B138,2024-06-17,2024-07-04
BR0175,M092,B388,2024-05-03,2024-05-23
BR0176,M079,B193,2024-07-31,2024-08-17
BR0177,M024,B069,2026-05-22,2026-05-28
BR0178,M011,B096,2025-12-03,2025-12-15
BR0179,M038,B043,2026-05-27,2026-06-09
BR0180,M102,B217,2024-09-11,2024-09-25
BR0181,M067,B340,2025-11-24,2025-12-06
BR0182,M104,B352,2024-06-27,2024-06-30
BR0183,M141,B109,2025-07-23,2025-08-18
BR0184,M036,B053,2025-04-18,2025-04-24
BR0185,M057,B059,2024-03-04,2024-04-02
BR0186,M096,B289,2026-04-23,2026-05-08
BR0187,M150,B251,2025-10-22,2025-10-27
BR0188,M006,B400,2026-04-12,2026-04-17
BR0189,M114,B336,2024-07-21,2024-08-13
BR0190,M085,B053,2024-04-04,2024-05-04
BR0191,M044,B375,2025-04-17,2025-04-21
BR0192,M102,B206,2025-03-19,2025-04-17
BR0193,M110,B073,2025-01-26,2025-02-19
BR0194,M071,B117,2024-08-07,2024-08-15
BR0195,M063,B273,2024-06-01,2024-06-05
BR0196,M141,B198,2025-05-25,2025-06-10
BR0197,M099,B064,2024-03-30,2024-04-10
BR0198,M135,B109,2024-07-23,2024-08-15
BR0199,M005,B398,2026-04-01,2026-04-21
BR0200,M092,B199,2026-03-11,2026-04-05
BR0201,M089,B371,2026-03-11,2026-03-29
BR0202,M100,B115,2025-05-29,2025-06-11
BR0203,M057,B010,2024-01-27,2024-02-09
BR0204,M072,B026,2026-04-10,2026-05-07
BR0205,M092,B319,2025-04-28,2025-05-17
BR0206,M026,B108,2024-08-26,2024-09-03
BR0207,M137,B339,2024-09-03,2024-09-14
BR0208,M057,B245,2026-01-24,2026-01-28
BR0209,M091,B377,2026-03-27,2026-04-11
BR0210,M046,B104,2026-05-15,2026-05-23
BR0211,M092,B371,2024-11-21,2024-12-19
BR0212,M091,B383,2024-01-29,2024-02-23
BR0213,M145,B383,2025-07-31,2025-08-07
BR0214,M127,B232,2026-05-06,2026-06-03
BR0215,M010,B043,2024-06-28,2024-07-16
BR0216,M057,B007,2024-08-26,2024-09-17
BR0217,M085,B373,2025-05-04,2025-05-07
BR0218,M034,B149,2024-07-25,2024-08-22
BR0219,M083,B026,2024-06-30,2024-07-28
BR0220,M037,B324,2024-05-31,2024-06-21
BR0221,M094,B387,2026-05-16,2026-06-04
BR0222,M102,B251,2025-01-17,2025-02-11
BR0223,M083,B063,2024-12-10,2024-12-22
BR0224,M112,B330,2024-06-10,2024-07-06
BR0225,M082,B074,2025-05-13,2025-06-05
BR0226,M092,B099,2025-07-29,2025-08-23
BR0227,M045,B164,2025-08-26,2025-09-24
BR0228,M076,B056,2026-01-21,2026-02-15
BR0229,M147,B168,2026-01-16,2026-01-19
BR0230,M009,B078,2026-02-28,2026-03-21
BR0231,M057,B269,2024-11-21,2024-12-19
BR0232,M037,B146,2024-04-16,2024-05-04
BR0233,M089,B394,2024-03-20,2024-03-30
BR0234,M023,B342,2024-06-20,2024-07-13
BR0235,M086,B187,2025-11-17,2025-12-10
BR0236,M064,B291,2024-09-28,2024-10-07
BR0237,M028,B301,2024-12-24,2025-01-04
BR0238,M113,B306,2024-02-19,2024-03-05
BR0239,M127,B361,2024-06-19,2024-07-05
BR0240,M097,B046,2024-12-25,2025-01-14
BR0241,M148,B276,2025-05-05,2025-06-02
BR0242,M042,B187,2025-12-04,2025-12-14
BR0243,M009,B127,2026-03-29,2026-04-28
BR0244,M027,B033,2024-11-22,2024-12-03
BR0245,M042,B306,2024-06-23,2024-07-08
BR0246,M087,B253,2025-07-14,2025-07-19
BR0247,M008,B182,2025-09-20,2025-10-08
BR0248,M112,B069,2025-10-31,2025-11-08
BR0249,M053,B392,2024-04-13,2024-04-26
BR0250,M142,B302,2025-02-23,2025-03-20
BR0251,M068,B279,2026-01-17,2026-02-06
BR0252,M025,B022,2024-10-31,2024-11-10
BR0253,M126,B069,2025-08-08,2025-08-28
BR0254,M110,B042,2025-01-04,2025-01-07
BR0255,M123,B088,2026-04-23,2026-05-17
BR0256,M044,B269,2024-01-27,2024-02-05
BR0257,M030,B136,2024-03-24,2024-04-11
BR0258,M126,B366,2025-02-11,2025-03-01
BR0259,M140,B166,2024-09-28,2024-10-03
BR0260,M095,B082,2025-01-14,2025-01-29
BR0261,M113,B193,2024-02-15,2024-02-26
BR0262,M069,B238,2024-08-19,2024-09-17
BR0263,M025,B041,2024-06-03,2024-06-30
BR0264,M139,B177,2024-12-18,2025-01-15
BR0265,M059,B234,2026-02-13,2026-03-06
BR0266,M134,B179,2026-05-10,2026-05-25
BR0267,M122,B243,2025-07-02,2025-07-26
BR0268,M077,B037,2024-08-29,2024-09-16
BR0269,M009,B209,2026-05-24,2026-06-18
BR0270,M147,B287,2025-06-13,2025-07-11
BR0271,M031,B383,2025-09-27,2025-10-04
BR0272,M043,B391,2025-04-04,2025-04-12
BR0273,M033,B018,2026-04-07,2026-04-16
BR0274,M112,B090,2024-03-21,2024-04-14
BR0275,M038,B347,2026-04-22,2026-05-15
BR0276,M018,B042,2024-09-21,2024-10-04
BR0277,M142,B143,2025-07-23,2025-08-07
BR0278,M118,B372,2024-10-09,2024-10-28
BR0279,M134,B327,2024-01-13,2024-02-10
BR0280,M039,B067,2024-04-25,2024-05-11
BR0281,M026,B375,2025-08-25,2025-09-15
BR0282,M026,B329,2025-07-30,2025-08-26
BR0283,M089,B361,2026-06-07,2026-06-27
BR0284,M125,B243,2024-09-27,2024-10-12
BR0285,M045,B116,2025-04-29,2025-05-03
BR0286,M103,B017,2024-05-27,2024-06-18
BR0287,M061,B022,2026-06-19,2026-07-02
BR0288,M096,B007,2025-05-01,2025-05-12
BR0289,M078,B137,2026-04-17,2026-05-15
BR0290,M026,B392,2026-05-13,2026-05-31
BR0291,M077,B392,2024-08-21,2024-08-28
BR0292,M083,B114,2025-03-29,2025-04-25
BR0293,M023,B083,2025-03-02,2025-03-24
BR0294,M105,B308,2024-08-04,2024-09-02
BR0295,M096,B341,2026-02-16,2026-03-07
BR0296,M041,B027,2025-06-11,2025-07-09
BR0297,M104,B063,2025-12-27,2026-01-15
BR0298,M146,B010,2026-05-21,2026-06-09
BR0299,M052,B349,2024-07-16,2024-08-14
BR0300,M117,B022,2024-09-12,2024-09-16
BR0301,M051,B115,2025-01-04,2025-01-29
BR0302,M130,B170,2026-04-23,2026-05-10
BR0303,M008,B106,2024-05-06,2024-05-30
BR0304,M115,B076,2025-05-15,2025-06-06
BR0305,M142,B152,2026-06-10,2026-06-28
BR0306,M067,B313,2024-06-16,2024-07-15
BR0307,M073,B009,2025-12-06,2025-12-11
BR0308,M147,B326,2024-02-20,2024-02-28
BR0309,M057,B273,2024-08-07,2024-09-06
BR0310,M069,B276,2025-11-24,2025-12-03
BR0311,M003,B194,2025-06-09,2025-06-12
BR0312,M045,B255,2024-05-15,2024-06-07
BR0313,M065,B260,2024-01-09,2024-01-19
BR0314,M071,B180,2024-11-08,2024-12-03
BR0315,M090,B189,2025-01-20,2025-02-19
BR0316,M078,B287,2024-08-11,2024-08-28
BR0317,M102,B250,2026-04-24,2026-05-16
BR0318,M096,B238,2024-01-08,2024-01-27
BR0319,M073,B130,2025-08-31,2025-09-22
BR0320,M017,B147,2024-04-20,2024-05-08
BR0321,M084,B354,2024-10-10,2024-11-02
BR0322,M077,B084,2024-09-24,2024-10-17
BR0323,M062,B367,2025-06-13,2025-07-10
BR0324,M104,B279,2026-04-04,2026-05-04
BR0325,M007,B278,2025-11-28,2025-12-05
BR0326,M108,B173,2024-10-29,2024-11-09
BR0327,M150,B299,2026-01-24,2026-01-28
BR0328,M049,B151,2025-08-08,2025-09-06
BR0329,M137,B269,2025-12-31,2026-01-10
BR0330,M092,B212,2025-05-02,2025-05-26
BR0331,M143,B078,2026-05-15,2026-05-23
BR0332,M033,B308,2024-04-09,2024-04-27
BR0333,M144,B318,2026-01-12,2026-02-09
BR0334,M086,B277,2024-07-06,2024-07-30
BR0335,M058,B309,2024-08-15,2024-08-29
BR0336,M085,B162,2024-11-10,2024-11-26
BR0337,M119,B352,2025-08-22,2025-09-03
BR0338,M150,B248,2025-04-26,2025-04-30
BR0339,M121,B363,2025-09-27,2025-10-02
BR0340,M098,B225,2025-05-27,2025-06-02
BR0341,M039,B064,2025-02-27,2025-03-03
BR0342,M105,B396,2024-07-24,2024-08-06
BR0343,M081,B355,2025-04-13,2025-04-20
BR0344,M021,B203,2024-07-03,2024-07-30
BR0345,M081,B267,2025-10-08,2025-10-16
BR0346,M071,B093,2024-01-05,2024-01-22
BR0347,M148,B319,2026-03-03,2026-03-11
BR0348,M023,B057,2025-05-16,2025-06-13
BR0349,M110,B173,2025-03-20,2025-04-12
BR0350,M002,B017,2025-05-03,2025-05-18
BR0351,M096,B383,2024-07-23,2024-08-18
BR0352,M136,B085,2024-11-25,2024-12-22
BR0353,M064,B100,2025-11-23,2025-11-26
BR0354,M080,B057,2026-06-17,2026-07-01
BR0355,M079,B072,2025-01-27,2025-02-15
BR0356,M077,B383,2026-04-23,2026-04-27
BR0357,M134,B253,2025-04-11,2025-05-07
BR0358,M035,B150,2024-12-11,2024-12-27
BR0359,M049,B071,2025-05-16,2025-05-30
BR0360,M005,B101,2026-04-11,2026-04-26
BR0361,M055,B306,2026-01-14,2026-01-21
BR0362,M044,B053,2025-08-26,2025-09-14
BR0363,M010,B162,2025-12-29,2026-01-21
BR0364,M137,B264,2025-10-17,2025-10-28
BR0365,M028,B277,2025-08-31,2025-09-04
BR0366,M030,B177,2024-01-21,2024-01-25
BR0367,M141,B110,2025-01-24,2025-01-30
BR0368,M053,B291,2025-12-19,2025-12-26
BR0369,M078,B179,2025-10-07,2025-10-10
BR0370,M134,B115,2024-04-13,2024-05-07
BR0371,M036,B179,2025-09-12,2025-10-07
BR0372,M031,B119,2024-04-17,2024-05-06
BR0373,M128,B088,2026-03-14,2026-03-20
BR0374,M068,B346,2024-07-23,2024-08-19
BR0375,M105,B128,2024-07-25,2024-08-08
BR0376,M128,B370,2024-02-10,2024-03-01
BR0377,M085,B104,2025-12-05,2025-12-23
BR0378,M023,B370,2024-01-14,2024-02-07
BR0379,M127,B068,2026-05-05,2026-05-26
BR0380,M131,B034,2024-04-02,2024-04-29
BR0381,M066,B271,2026-01-10,2026-01-16
BR0382,M068,B193,2025-04-12,2025-04-24
BR0383,M045,B359,2024-04-12,2024-05-11
BR0384,M093,B334,2026-05-22,2026-06-03
BR0385,M030,B045,2024-11-16,2024-12-02
BR0386,M003,B352,2026-02-15,2026-02-19
BR0387,M044,B145,2025-11-10,2025-12-03
BR0388,M069,B361,2025-03-24,2025-04-15
BR0389,M088,B079,2024-04-05,2024-04-19
BR0390,M117,B115,2025-02-14,2025-03-01
BR0391,M123,B333,2025-01-29,2025-02-23
BR0392,M043,B049,2025-10-26,2025-11-23
BR0393,M016,B394,2025-12-13,2026-01-08
BR0394,M027,B177,2026-05-14,2026-05-22
BR0395,M146,B287,2025-08-27,2025-09-14
BR0396,M098,B325,2024-07-04,2024-07-26
BR0397,M034,B199,2025-09-18,2025-09-21
BR0398,M106,B184,2025-05-14,2025-05-20
BR0399,M081,B005,2024-03-05,2024-03-16
BR0400,M135,B320,2026-06-08,2026-07-02
BR0401,M145,B099,2025-08-13,2025-09-08
BR0402,M087,B221,2025-11-16,2025-12-16
BR0403,M025,B183,2025-12-05,2025-12-30
BR0404,M124,B151,2026-01-14,2026-01-24
BR0405,M099,B067,2025-11-23,2025-12-16
BR0406,M014,B004,2026-04-26,2026-05-16
BR0407,M121,B352,2024-06-09,2024-06-28
BR0408,M020,B314,2026-06-09,2026-06-17
BR0409,M085,B390,2024-11-24,2024-12-04
BR0410,M058,B234,2024-02-21,2024-03-11
BR0411,M061,B037,2025-01-22,2025-02-06
BR0412,M147,B187,2025-03-30,2025-04-27
BR0413,M115,B140,2026-05-27,2026-06-14
BR0414,M005,B046,2025-05-24,2025-06-19
BR0415,M143,B233,2025-02-26,2025-03-02
BR0416,M078,B363,2026-04-25,2026-04-30
BR0417,M117,B383,2025-07-29,2025-08-07
BR0418,M014,B339,2025-01-07,2025-02-05
BR0419,M085,B237,2026-05-14,2026-05-31
BR0420,M122,B300,2025-09-26,2025-10-18
BR0421,M116,B049,2025-01-07,2025-02-01
BR0422,M057,B002,2026-02-16,2026-03-12
BR0423,M075,B233,2024-12-29,2025-01-27
BR0424,M028,B019,2025-01-17,2025-02-11
BR0425,M036,B342,2024-06-17,2024-07-05
BR0426,M105,B048,2026-01-30,2026-02-25
BR0427,M049,B053,2025-09-17,2025-09-26
BR0428,M056,B189,2026-05-22,2026-06-06
BR0429,M087,B048,2026-03-11,2026-03-20
BR0430,M032,B323,2025-02-28,2025-03-04
BR0431,M130,B062,2025-04-06,2025-04-23
BR0432,M136,B307,2025-05-25,2025-05-28
BR0433,M150,B199,2025-07-20,2025-08-05
BR0434,M046,B289,2025-06-04,2025-07-01
BR0435,M033,B047,2024-06-26,2024-07-22
BR0436,M083,B210,2025-11-04,2025-11-26
BR0437,M064,B115,2025-01-28,2025-02-13
BR0438,M116,B335,2024-12-17,2024-12-29
BR0439,M132,B131,2024-05-21,2024-06-06
BR0440,M081,B299,2025-12-19,2026-01-08
BR0441,M056,B089,2025-07-20,2025-08-12
BR0442,M075,B289,2025-10-01,2025-10-26
BR0443,M046,B210,2025-11-19,2025-11-26
BR0444,M083,B299,2025-12-11,2026-01-03
BR0445,M144,B199,2026-02-18,2026-03-04
BR0446,M107,B285,2025-08-07,2025-08-31
BR0447,M074,B360,2026-05-11,2026-05-31
BR0448,M004,B222,2025-03-08,2025-04-05
BR0449,M038,B022,2024-01-26,2024-02-10
BR0450,M069,B314,2024-02-27,2024-03-07
BR0451,M065,B067,2024-06-13,2024-06-25
BR0452,M076,B090,2024-03-04,2024-03-29
BR0453,M092,B339,2025-07-08,2025-07-12
BR0454,M144,B355,2024-04-14,2024-05-06
BR0455,M144,B167,2026-01-30,2026-02-22
BR0456,M074,B290,2025-06-07,2025-07-05
BR0457,M100,B177,2024-02-18,2024-03-04
BR0458,M081,B388,2026-03-18,2026-04-11
BR0459,M065,B090,2024-02-25,2024-02-28
BR0460,M114,B345,2026-06-08,2026-07-05
BR0461,M095,B315,2025-10-10,2025-11-04
BR0462,M051,B324,2025-07-13,2025-08-08
BR0463,M115,B076,2024-07-17,2024-07-29
BR0464,M048,B387,2025-11-30,2025-12-05
BR0465,M031,B163,2026-01-22,2026-02-10
BR0466,M143,B113,2025-03-14,2025-03-25
BR0467,M066,B002,2024-06-13,2024-07-04
BR0468,M040,B017,2025-04-22,2025-05-17
BR0469,M014,B324,2024-11-26,2024-12-18
BR0470,M078,B204,2025-10-02,2025-10-24
BR0471,M092,B032,2025-08-09,2025-08-29
BR0472,M135,B098,2025-12-25,2026-01-07
BR0473,M018,B329,2024-07-07,2024-07-26
BR0474,M140,B227,2024-06-12,2024-06-28
BR0475,M057,B361,2024-04-04,2024-04-18
BR0476,M085,B156,2025-11-10,2025-11-23
BR0477,M136,B195,2024-08-11,2024-09-07
BR0478,M003,B049,2025-07-28,2025-08-26
BR0479,M062,B369,2024-12-20,2025-01-06
BR0480,M063,B387,2025-09-20,2025-10-12
BR0481,M098,B371,2025-11-29,2025-12-12
BR0482,M066,B230,2024-04-26,2024-05-11
BR0483,M133,B342,2024-10-16,2024-10-19
BR0484,M131,B186,2025-01-18,2025-02-06
BR0485,M050,B141,2024-02-14,2024-02-26
BR0486,M043,B391,2024-03-25,2024-03-31
BR0487,M137,B003,2026-03-02,2026-03-22
BR0488,M055,B355,2024-03-08,2024-03-17
BR0489,M027,B091,2025-03-10,2025-04-08
BR0490,M112,B273,2026-04-28,2026-05-23
BR0491,M040,B007,2024-03-14,2024-04-09
BR0492,M010,B042,2026-01-04,2026-01-17
BR0493,M065,B236,2024-02-25,2024-03-04
BR0494,M059,B370,2025-08-11,2025-09-09
BR0495,M116,B267,2025-02-21,2025-03-08
BR0496,M005,B167,2025-03-19,2025-04-01
BR0497,M002,B269,2024-05-01,2024-05-21
BR0498,M150,B019,2025-09-25,2025-09-30
BR0499,M092,B375,2026-05-18,2026-05-23
BR0500,M078,B259,2024-04-18,2024-04-30
BR0501,M113,B165,2024-10-15,2024-11-11
BR0502,M008,B194,2026-04-21,2026-05-15
BR0503,M035,B311,2025-06-30,2025-07-10
BR0504,M140,B128,2026-03-26,2026-04-23
BR0505,M077,B287,2025-10-11,2025-10-18
BR0506,M096,B387,2026-03-25,2026-04-24
BR0507,M143,B066,2024-01-12,2024-02-01
BR0508,M147,B253,2024-02-12,2024-02-15
BR0509,M022,B134,2025-07-04,2025-07-24
BR0510,M089,B093,2026-02-05,2026-03-03
BR0511,M132,B066,2025-10-23,2025-11-22
BR0512,M065,B087,2024-07-07,2024-07-17
BR0513,M146,B352,2024-07-04,2024-07-28
BR0514,M141,B191,2026-05-21,2026-06-17
BR0515,M075,B283,2025-07-16,2025-07-21
BR0516,M051,B304,2024-09-13,2024-09-19
BR0517,M092,B056,2025-05-13,2025-05-26
BR0518,M026,B121,2025-11-02,2025-11-12
BR0519,M082,B202,2024-03-12,2024-03-21
BR0520,M079,B291,2024-12-02,2024-12-24
BR0521,M146,B158,2024-06-05,2024-06-26
BR0522,M044,B002,2024-11-19,2024-12-05
BR0523,M057,B299,2024-09-09,2024-10-07
BR0524,M071,B349,2025-10-18,2025-11-03
BR0525,M085,B361,2024-05-17,2024-06-10
BR0526,M092,B324,2025-04-18,2025-05-05
BR0527,M028,B075,2025-05-13,2025-06-02
BR0528,M072,B353,2025-09-13,2025-09-18
BR0529,M051,B113,2024-05-23,2024-06-12
BR0530,M020,B365,2025-10-03,2025-10-08
BR0531,M008,B338,2026-05-19,2026-06-07
BR0532,M055,B370,2025-08-15,2025-08-30
BR0533,M140,B366,2025-07-18,2025-07-29
BR0534,M039,B159,2025-07-06,2025-07-24
BR0535,M075,B061,2024-08-16,2024-09-12
BR0536,M024,B170,2025-05-28,2025-06-16
BR0537,M062,B351,2025-05-29,2025-06-01
BR0538,M043,B315,2026-04-05,2026-04-27
BR0539,M041,B076,2024-05-23,2024-06-09
BR0540,M038,B306,2025-08-02,2025-08-26
BR0541,M011,B097,2025-05-10,2025-05-24
BR0542,M017,B113,2025-05-14,2025-05-24
BR0543,M053,B220,2024-08-27,2024-08-31
BR0544,M100,B194,2026-03-21,2026-04-04
BR0545,M011,B394,2025-04-10,2025-04-14
BR0546,M134,B267,2024-11-27,2024-12-03
BR0547,M068,B247,2024-10-07,2024-11-05
BR0548,M097,B277,2025-08-06,2025-08-14
BR0549,M020,B219,2025-01-09,2025-01-30
BR0550,M133,B173,2025-01-20,2025-01-30
BR0551,M089,B203,2026-04-16,2026-05-16
BR0552,M002,B209,2025-05-08,2025-05-30
BR0553,M043,B102,2024-05-22,2024-06-08
BR0554,M072,B093,2025-06-10,2025-07-03
BR0555,M093,B256,2024-07-10,2024-07-18
BR0556,M059,B177,2026-04-16,2026-04-22
BR0557,M030,B199,2024-12-04,2024-12-30
BR0558,M054,B252,2025-05-05,2025-05-23
BR0559,M106,B007,2025-10-24,2025-11-22
BR0560,M147,B253,2024-02-14,2024-02-21
BR0561,M132,B017,2024-05-17,2024-06-09
BR0562,M015,B071,2025-08-09,2025-08-16
BR0563,M104,B254,2024-07-03,2024-07-22
BR0564,M005,B361,2025-07-31,2025-08-23
BR0565,M073,B383,2026-01-15,2026-02-08
BR0566,M121,B356,2024-08-09,2024-08-26
BR0567,M106,B255,2024-06-23,2024-07-03
BR0568,M047,B264,2026-03-24,2026-04-14
BR0569,M043,B303,2025-06-07,2025-06-18
BR0570,M018,B102,2024-12-16,2025-01-02
BR0571,M028,B006,2025-01-29,2025-02-05
BR0572,M130,B288,2025-06-19,2025-07-19
BR0573,M025,B076,2026-04-26,2026-05-03
BR0574,M010,B361,2025-09-21,2025-10-13
BR0575,M031,B043,2025-06-28,2025-07-17
BR0576,M139,B345,2025-11-06,2025-11-13
BR0577,M111,B222,2026-03-04,2026-03-28
BR0578,M012,B292,2025-01-14,2025-02-13
BR0579,M124,B330,2025-03-15,2025-03-25
BR0580,M148,B045,2025-01-25,2025-02-08
BR0581,M123,B319,2024-05-17,2024-05-28
BR0582,M073,B254,2026-05-29,2026-06-03
BR0583,M066,B084,2025-07-10,2025-07-26
BR0584,M002,B247,2025-12-27,2026-01-22
BR0585,M002,B162,2024-04-30,2024-05-19
BR0586,M081,B174,2024-07-29,2024-08-23
BR0587,M110,B276,2024-04-19,2024-04-26
BR0588,M138,B180,2024-09-16,2024-09-27
BR0589,M071,B399,2025-01-09,2025-01-31
BR0590,M053,B176,2025-02-10,2025-03-09
BR0591,M124,B076,2026-03-13,2026-04-02
BR0592,M124,B110,2025-07-26,2025-08-15
BR0593,M089,B324,2024-11-10,2024-12-01
BR0594,M036,B353,2025-02-11,2025-03-09
BR0595,M059,B187,2025-11-06,2025-11-12
BR0596,M026,B095,2025-12-17,2025-12-25
BR0597,M087,B333,2025-02-14,2025-03-14
BR0598,M014,B070,2025-09-20,2025-10-15
BR0599,M024,B343,2025-10-13,2025-10-16
BR0600,M112,B042,2025-04-27,2025-05-19
BR0601,M095,B038,2024-09-26,2024-10-06
BR0602,M099,B376,2024-02-08,2024-03-05
BR0603,M134,B122,2025-02-14,2025-03-08
BR0604,M045,B269,2025-09-03,2025-09-07
BR0605,M052,B352,2025-03-25,2025-03-28
BR0606,M074,B087,2026-04-03,2026-04-22
BR0607,M131,B219,2026-03-13,2026-04-04
BR0608,M044,B285,2024-08-25,2024-09-16
BR0609,M001,B392,2025-01-03,2025-01-13
BR0610,M103,B153,2024-03-29,2024-04-09
BR0611,M052,B220,2025-02-08,2025-02-23
BR0612,M018,B374,2026-01-24,2026-02-18
BR0613,M144,B371,2025-07-16,2025-07-28
BR0614,M071,B100,2024-12-22,2025-01-05
BR0615,M104,B244,2024-07-18,2024-08-04
BR0616,M105,B211,2024-09-24,2024-10-02
BR0617,M129,B127,2025-07-26,2025-07-31
BR0618,M132,B386,2024-04-29,2024-05-27
BR0619,M148,B109,2026-06-16,2026-07-06
BR0620,M145,B200,2025-03-29,2025-04-13
BR0621,M087,B387,2024-09-06,2024-10-03
BR0622,M118,B366,2025-04-14,2025-05-08
BR0623,M124,B050,2026-06-01,2026-06-04
BR0624,M057,B287,2024-03-10,2024-03-25
BR0625,M081,B176,2024-08-23,2024-09-20
BR0626,M138,B003,2024-12-27,2025-01-15
BR0627,M064,B123,2026-05-02,2026-05-13
BR0628,M088,B035,2025-02-12,2025-03-08
BR0629,M081,B153,2024-07-01,2024-07-19
BR0630,M047,B382,2025-08-10,2025-08-21
BR0631,M128,B307,2025-11-30,2025-12-09
BR0632,M062,B358,2024-08-28,2024-09-23
BR0633,M052,B347,2024-07-30,2024-08-09
BR0634,M092,B069,2026-05-06,2026-05-28
BR0635,M021,B286,2024-04-19,2024-04-25
BR0636,M002,B319,2025-11-10,2025-11-28
BR0637,M124,B162,2025-07-08,2025-07-12
BR0638,M148,B357,2024-11-18,2024-12-06
BR0639,M131,B117,2025-05-17,2025-05-25
BR0640,M148,B056,2024-08-15,2024-09-11
BR0641,M109,B197,2025-06-22,2025-07-20
BR0642,M129,B151,2025-07-07,2025-07-11
BR0643,M045,B189,2026-05-31,2026-06-24
BR0644,M133,B190,2024-05-03,2024-05-28
BR0645,M004,B285,2025-12-06,2025-12-09
BR0646,M026,B143,2025-01-23,2025-02-13
BR0647,M067,B083,2025-09-19,2025-10-19
BR0648,M069,B194,2024-09-26,2024-10-06
BR0649,M094,B080,2025-09-19,2025-10-02
BR0650,M108,B293,2025-03-10,2025-03-19
BR0651,M103,B117,2025-01-16,2025-01-30
BR0652,M034,B394,2024-07-03,2024-07-24
BR0653,M026,B301,2025-12-03,2025-12-13
BR0654,M143,B183,2026-04-03,2026-04-13
BR0655,M038,B333,2025-01-25,2025-02-03
BR0656,M122,B335,2026-01-26,2026-02-02
BR0657,M128,B062,2024-06-29,2024-07-15
BR0658,M133,B227,2026-05-19,2026-06-11
BR0659,M125,B132,2024-11-19,2024-12-17
BR0660,M146,B020,2025-07-29,2025-08-28
BR0661,M042,B026,2024-04-11,2024-05-06
BR0662,M122,B349,2026-04-13,2026-04-24
BR0663,M086,B112,2024-04-08,2024-04-25
BR0664,M143,B376,2025-01-03,2025-01-23
BR0665,M006,B176,2024-09-20,2024-10-04
BR0666,M051,B246,2024-12-25,2025-01-24
BR0667,M138,B074,2025-10-27,2025-11-19
BR0668,M091,B143,2026-03-10,2026-03-22
BR0669,M115,B363,2025-06-06,2025-06-24
BR0670,M074,B193,2025-01-25,2025-02-16
BR0671,M043,B269,2024-05-28,2024-06-27
BR0672,M147,B173,2024-12-11,2024-12-27
BR0673,M042,B151,2024-03-14,2024-03-19
BR0674,M075,B299,2024-11-17,2024-11-30
BR0675,M102,B115,2025-09-11,2025-10-04
BR0676,M093,B312,2025-03-31,2025-04-27
BR0677,M106,B072,2025-06-17,2025-07-04
BR0678,M033,B304,2026-05-24,2026-05-27
BR0679,M021,B093,2025-11-08,2025-11-19
BR0680,M025,B027,2025-02-10,2025-02-16
BR0681,M141,B022,2026-06-18,2026-07-06
BR0682,M135,B319,2026-02-28,2026-03-15
BR0683,M068,B263,2024-03-26,2024-04-01
BR0684,M100,B137,2024-03-27,2024-04-19
BR0685,M073,B186,2024-09-10,2024-10-06
BR0686,M135,B349,2024-05-09,2024-05-16
BR0687,M092,B353,2024-01-30,2024-02-03
BR0688,M122,B193,2024-11-29,2024-12-29
BR0689,M070,B233,2026-06-10,2026-06-30
BR0690,M139,B076,2024-05-18,2024-06-12
BR0691,M145,B183,2025-09-03,2025-09-20
BR0692,M137,B137,2025-10-17,2025-11-09
BR0693,M139,B100,2024-12-21,2025-01-08
BR0694,M079,B159,2024-04-01,2024-04-18
BR0695,M078,B003,2024-09-23,2024-09-30
BR0696,M035,B151,2025-06-19,2025-07-18
BR0697,M003,B289,2025-04-25,2025-05-15
BR0698,M123,B131,2025-05-18,2025-06-14
BR0699,M075,B253,2026-02-23,2026-03-11
BR0700,M141,B162,2026-03-26,2026-03-29
BR0701,M112,B169,2025-02-25,2025-03-17
BR0702,M100,B345,2024-06-16,2024-07-11
BR0703,M021,B179,2024-08-13,2024-08-24
BR0704,M070,B121,2024-09-02,2024-09-21
BR0705,M069,B176,2026-01-30,2026-02-19
BR0706,M047,B063,2026-05-23,2026-05-28
BR0707,M117,B263,2024-04-23,2024-05-16
BR0708,M126,B083,2024-10-05,2024-10-30
BR0709,M013,B390,2024-01-20,2024-01-27
BR0710,M027,B119,2024-01-23,2024-01-31
BR0711,M113,B304,2024-05-08,2024-06-02
BR0712,M039,B006,2024-08-26,2024-08-31
BR0713,M108,B137,2024-08-10,2024-08-23
BR0714,M096,B193,2026-03-29,2026-04-16
BR0715,M085,B038,2026-03-21,2026-03-25
BR0716,M015,B114,2026-02-07,2026-02-14
BR0717,M140,B194,2025-02-05,2025-02-10
BR0718,M065,B339,2024-07-15,2024-08-13
BR0719,M032,B392,2026-04-28,2026-05-01
BR0720,M099,B323,2026-01-01,2026-01-11
BR0721,M009,B088,2025-03-29,2025-04-08
BR0722,M025,B222,2026-01-22,2026-02-18
BR0723,M100,B288,2024-08-01,2024-08-19
BR0724,M041,B266,2024-11-15,2024-11-28
BR0725,M141,B222,2024-02-13,2024-03-10
BR0726,M077,B088,2024-09-16,2024-10-04
BR0727,M056,B392,2024-02-23,2024-03-24
BR0728,M112,B143,2024-08-29,2024-09-21
BR0729,M071,B250,2024-06-20,2024-07-18
BR0730,M063,B003,2025-02-09,2025-03-09
BR0731,M122,B289,2024-02-13,2024-03-05
BR0732,M023,B109,2024-06-07,2024-06-21
BR0733,M087,B376,2025-05-26,2025-05-31
BR0734,M016,B026,2026-02-16,2026-03-11
BR0735,M138,B330,2025-10-22,2025-10-29
BR0736,M060,B141,2024-05-08,2024-05-26
BR0737,M089,B335,2025-07-25,2025-08-22
BR0738,M050,B007,2025-03-25,2025-04-20
BR0739,M035,B109,2025-01-21,2025-02-04
BR0740,M113,B236,2024-02-10,2024-02-28
BR0741,M126,B085,2025-07-09,2025-08-03
BR0742,M090,B143,2024-07-10,2024-07-30
BR0743,M142,B070,2025-04-24,2025-05-05
BR0744,M116,B128,2025-06-27,2025-07-04
BR0745,M094,B188,2024-09-26,2024-10-16
BR0746,M130,B165,2026-03-05,2026-03-28
BR0747,M094,B324,2024-07-08,2024-07-11
BR0748,M017,B278,2024-09-01,2024-09-14
BR0749,M100,B085,2025-07-05,2025-08-03
BR0750,M142,B069,2025-11-30,2025-12-18
BR0751,M105,B269,2024-10-16,2024-10-29
BR0752,M134,B278,2024-04-23,2024-04-29
BR0753,M034,B076,2024-02-14,2024-03-14
BR0754,M028,B201,2024-02-02,2024-02-11
BR0755,M147,B269,2024-04-11,2024-04-15
BR0756,M126,B225,2025-02-01,2025-02-25
BR0757,M066,B021,2025-12-19,2026-01-09
BR0758,M019,B005,2024-08-14,2024-09-05
BR0759,M126,B376,2024-08-01,2024-08-24
BR0760,M120,B334,2026-05-02,2026-05-07
BR0761,M143,B309,2024-03-03,2024-03-17
BR0762,M095,B331,2025-03-01,2025-03-30
BR0763,M069,B225,2024-02-29,2024-03-29
BR0764,M078,B036,2026-01-21,2026-01-26
BR0765,M025,B046,2024-08-09,2024-08-28
BR0766,M099,B085,2024-08-24,2024-09-13
BR0767,M064,B243,2025-06-22,2025-07-16
BR0768,M143,B177,2024-07-02,2024-07-22
BR0769,M148,B156,2024-04-18,2024-05-15
BR0770,M110,B361,2025-04-14,2025-05-09
BR0771,M047,B234,2024-06-19,2024-07-17
BR0772,M041,B227,2025-05-31,2025-06-13
BR0773,M091,B369,2025-09-06,2025-09-23
BR0774,M096,B176,2025-07-17,2025-07-30
BR0775,M083,B260,2025-10-10,2025-10-26
BR0776,M055,B162,2025-07-30,2025-08-19
BR0777,M066,B156,2025-07-17,2025-08-12
BR0778,M102,B001,2025-04-08,2025-04-25
BR0779,M005,B220,2024-02-05,2024-02-17
BR0780,M077,B395,2024-11-05,2024-11-08
BR0781,M081,B007,2024-08-07,2024-09-06
BR0782,M071,B374,2026-04-21,2026-05-16
BR0783,M147,B375,2025-06-07,2025-06-27
BR0784,M010,B190,2024-06-07,2024-06-13
BR0785,M068,B159,2024-06-08,2024-06-15
BR0786,M060,B111,2025-08-19,2025-08-29
BR0787,M147,B170,2024-11-03,2024-11-08
BR0788,M020,B303,2024-08-10,2024-09-05
BR0789,M045,B204,2026-03-22,2026-04-09
BR0790,M148,B340,2025-12-07,2026-01-01
BR0791,M077,B017,2024-04-07,2024-04-29
BR0792,M098,B037,2026-04-07,2026-04-28
BR0793,M086,B151,2024-02-27,2024-03-25
BR0794,M107,B376,2026-04-16,2026-05-02
BR0795,M059,B312,2024-05-03,2024-06-02
BR0796,M003,B267,2026-05-19,2026-06-10
BR0797,M014,B134,2025-10-09,2025-10-24
BR0798,M139,B239,2024-02-12,2024-02-25
BR0799,M057,B069,2024-11-30,2024-12-19
BR0800,M101,B390,2025-11-20,2025-12-16
BR0801,M148,B210,2026-02-09,2026-03-03
BR0802,M075,B329,2024-08-15,2024-08-31
BR0803,M087,B040,2024-05-31,2024-06-07
BR0804,M013,B233,2025-08-08,2025-09-03
BR0805,M103,B209,2024-09-25,2024-09-30
BR0806,M034,B318,2026-03-03,2026-03-28
BR0807,M051,B203,2025-05-07,2025-05-27
BR0808,M051,B238,2025-10-29,2025-11-19
BR0809,M064,B107,2026-01-23,2026-02-11
BR0810,M111,B143,2024-09-29,2024-10-26
BR0811,M029,B283,2025-08-12,2025-08-17
BR0812,M090,B085,2025-03-09,2025-03-23
BR0813,M007,B321,2024-12-18,2025-01-09
BR0814,M114,B264,2024-06-22,2024-07-06
BR0815,M060,B088,2025-03-27,2025-03-31
BR0816,M022,B049,2025-01-17,2025-01-24
BR0817,M038,B357,2024-02-25,2024-03-06
BR0818,M004,B151,2026-04-19,2026-05-01
BR0819,M079,B187,2026-04-03,2026-04-09
BR0820,M054,B308,2024-01-24,2024-02-06
BR0821,M140,B223,2024-08-04,2024-08-13
BR0822,M124,B264,2024-09-21,2024-10-11
BR0823,M005,B163,2024-05-24,2024-06-18
BR0824,M012,B111,2025-11-10,2025-11-29
BR0825,M052,B330,2024-03-02,2024-03-14
BR0826,M014,B193,2025-09-24,2025-10-05
BR0827,M100,B279,2024-01-09,2024-01-14
BR0828,M093,B355,2025-11-09,2025-12-09
BR0829,M099,B103,2024-01-20,2024-02-01
BR0830,M026,B369,2025-01-24,2025-02-12
BR0831,M137,B042,2025-05-11,2025-06-10
BR0832,M118,B237,2024-07-22,2024-08-10
BR0833,M011,B108,2025-12-30,2026-01-02
BR0834,M086,B204,2025-06-26,2025-07-08
BR0835,M005,B151,2026-02-01,2026-02-09
BR0836,M078,B104,2024-12-26,2025-01-09
BR0837,M016,B265,2025-05-28,2025-06-08
BR0838,M008,B382,2026-06-18,2026-07-03
BR0839,M039,B150,2024-10-13,2024-10-23
BR0840,M036,B042,2025-02-06,2025-03-02
BR0841,M059,B178,2025-01-26,2025-02-14
BR0842,M110,B390,2025-08-09,2025-08-16
BR0843,M115,B232,2025-09-11,2025-09-24
BR0844,M036,B249,2024-07-30,2024-08-22
BR0845,M052,B355,2025-12-01,2025-12-29
BR0846,M135,B370,2024-11-12,2024-12-07
BR0847,M038,B278,2025-03-16,2025-04-12
BR0848,M082,B028,2025-08-01,2025-08-09
BR0849,M031,B080,2025-06-29,2025-07-25
BR0850,M008,B319,2026-05-09,2026-05-16
BR0851,M078,B186,2025-02-27,2025-03-15
BR0852,M071,B068,2026-04-21,2026-05-14
BR0853,M034,B081,2024-07-11,2024-07-17
BR0854,M069,B259,2026-02-19,2026-03-13
BR0855,M060,B103,2025-09-19,2025-09-29
BR0856,M021,B289,2024-01-27,2024-02-10
BR0857,M129,B350,2025-05-03,2025-05-10
BR0858,M096,B080,2025-04-25,2025-05-20
BR0859,M122,B064,2025-01-31,2025-02-18
BR0860,M009,B174,2024-07-16,2024-07-26
BR0861,M106,B098,2024-01-16,2024-01-27
BR0862,M053,B027,2025-11-18,2025-11-27
BR0863,M126,B289,2025-03-25,2025-04-24
BR0864,M064,B180,2026-06-06,2026-06-23
BR0865,M098,B301,2026-03-05,2026-03-09
BR0866,M147,B253,2025-02-07,2025-03-01
BR0867,M010,B222,2025-06-21,2025-07-14
BR0868,M011,B361,2025-04-07,2025-04-24
BR0869,M138,B169,2024-09-08,2024-09-27
BR0870,M143,B166,2026-01-22,2026-01-26
BR0871,M013,B085,2026-02-22,2026-03-17
BR0872,M078,B324,2025-03-26,2025-04-10
BR0873,M043,B179,2024-10-19,2024-11-05
BR0874,M133,B369,2025-09-19,2025-09-23
BR0875,M116,B043,2025-04-19,2025-05-18
BR0876,M047,B325,2025-05-27,2025-06-02
BR0877,M035,B168,2025-12-13,2026-01-02
BR0878,M007,B076,2024-11-27,2024-12-14
BR0879,M052,B361,2025-08-27,2025-09-21
BR0880,M083,B289,2024-04-02,2024-04-13
BR0881,M042,B301,2025-12-29,2026-01-26
BR0882,M030,B297,2024-05-06,2024-05-11
BR0883,M022,B223,2025-10-11,2025-10-25
BR0884,M131,B262,2025-01-28,2025-02-23
BR0885,M141,B165,2024-06-12,2024-06-27
BR0886,M086,B239,2026-02-25,2026-03-05
BR0887,M039,B071,2025-11-06,2025-12-06
BR0888,M014,B179,2024-05-28,2024-06-05
BR0889,M115,B124,2024-11-12,2024-12-08
BR0890,M034,B387,2024-07-04,2024-07-10
BR0891,M065,B005,2024-01-04,2024-01-26
BR0892,M128,B232,2025-05-24,2025-06-23
BR0893,M127,B105,2024-01-06,2024-01-28
BR0894,M122,B188,2025-08-25,2025-09-18
BR0895,M002,B107,2025-03-28,2025-04-02
BR0896,M143,B340,2025-07-14,2025-07-25
BR0897,M048,B067,2024-07-31,2024-08-04
BR0898,M010,B067,2025-10-30,2025-11-13
BR0899,M148,B349,2024-02-03,2024-02-27
BR0900,M023,B021,2024-11-01,2024-11-14
BR0901,M042,B283,2025-03-02,2025-03-10
BR0902,M147,B329,2025-09-17,2025-10-11
BR0903,M149,B156,2024-06-30,2024-07-17
BR0904,M077,B143,2024-02-06,2024-02-11
BR0905,M018,B316,2025-01-23,2025-02-21
BR0906,M017,B127,2026-05-13,2026-06-02
BR0907,M071,B145,2024-05-17,2024-05-23
BR0908,M054,B291,2025-02-27,2025-03-18
BR0909,M028,B243,2025-09-18,2025-09-22
BR0910,M023,B200,2025-10-06,2025-10-25
BR0911,M074,B180,2025-12-06,2025-12-28
BR0912,M067,B225,2026-05-18,2026-05-31
BR0913,M034,B262,2025-09-30,2025-10-14
BR0914,M128,B205,2025-05-23,2025-06-11
BR0915,M060,B299,2024-07-03,2024-07-25
BR0916,M031,B008,2024-07-17,2024-07-20
BR0917,M031,B308,2025-10-02,2025-10-30
BR0918,M107,B177,2024-07-31,2024-08-28
BR0919,M144,B336,2024-12-07,2024-12-21
BR0920,M052,B289,2024-08-05,2024-08-08
BR0921,M018,B135,2024-09-17,2024-10-15
BR0922,M083,B319,2025-06-02,2025-06-22
BR0923,M086,B149,2024-04-26,2024-05-20
BR0924,M008,B346,2026-01-11,2026-02-01
BR0925,M087,B375,2024-07-17,2024-07-30
BR0926,M010,B272,2025-05-05,2025-05-23
BR0927,M118,B364,2025-05-08,2025-05-15
BR0928,M119,B329,2025-07-03,2025-07-16
BR0929,M015,B347,2025-02-27,2025-03-25
BR0930,M081,B235,2024-11-02,2024-11-23
BR0931,M148,B288,2024-01-20,2024-01-29
BR0932,M091,B027,2026-03-29,2026-04-26
BR0933,M008,B148,2024-06-01,2024-06-12
BR0934,M137,B350,2025-01-19,2025-02-11
BR0935,M100,B083,2025-08-07,2025-08-29
BR0936,M079,B297,2024-04-29,2024-05-29
BR0937,M009,B115,2024-11-18,2024-12-13
BR0938,M061,B162,2024-03-29,2024-04-16
BR0939,M056,B224,2026-04-29,2026-05-11
BR0940,M096,B329,2024-06-28,2024-07-04
BR0941,M024,B186,2026-03-07,2026-03-16
BR0942,M124,B369,2024-01-26,2024-02-23
BR0943,M088,B375,2024-06-06,2024-06-15
BR0944,M135,B137,2026-01-20,2026-02-19
BR0945,M026,B342,2024-12-01,2024-12-08
BR0946,M034,B091,2025-06-12,2025-07-06
BR0947,M100,B300,2024-02-07,2024-02-24
BR0948,M002,B137,2025-06-18,2025-06-24
BR0949,M023,B146,2024-02-15,2024-03-10
BR0950,M134,B319,2024-02-17,2024-02-23
BR0951,M006,B246,2026-02-02,2026-02-14
BR0952,M054,B141,2024-11-15,2024-12-08
BR0953,M071,B226,2024-07-16,2024-07-28
BR0954,M031,B115,2026-03-02,2026-03-19
BR0955,M030,B006,2024-06-10,2024-06-21
BR0956,M132,B046,2025-09-29,2025-10-19
BR0957,M141,B141,2025-07-09,2025-07-23
BR0958,M073,B243,2024-05-24,2024-06-18
BR0959,M080,B262,2024-06-24,2024-06-29
BR0960,M114,B022,2024-12-12,2025-01-01
BR0961,M013,B047,2024-01-30,2024-02-17
BR0962,M110,B168,2024-02-25,2024-03-01
BR0963,M115,B263,2025-12-22,2026-01-13
BR0964,M051,B299,2024-11-15,2024-11-28
BR0965,M137,B037,2025-11-17,2025-12-15
BR0966,M120,B241,2026-02-12,2026-03-11
BR0967,M120,B045,2024-04-05,2024-05-04
BR0968,M120,B194,2024-11-13,2024-12-07
BR0969,M067,B371,2024-08-17,2024-08-24
BR0970,M085,B330,2025-02-05,2025-02-13
BR0971,M125,B011,2024-11-28,2024-12-15
BR0972,M090,B198,2025-05-01,2025-05-07
BR0973,M073,B320,2026-05-16,2026-05-24
BR0974,M033,B212,2025-09-10,2025-10-01
BR0975,M028,B143,2025-02-19,2025-03-20
BR0976,M078,B227,2025-10-27,2025-11-01
BR0977,M106,B105,2025-02-14,2025-03-07
BR0978,M041,B392,2024-09-06,2024-09-26
BR0979,M088,B093,2025-01-28,2025-02-02
BR0980,M111,B329,2025-12-11,2026-01-01
BR0981,M088,B232,2025-03-21,2025-04-11
BR0982,M020,B308,2024-08-29,2024-09-06
BR0983,M125,B049,2025-12-29,2026-01-19
BR0984,M084,B234,2025-09-02,2025-09-19
BR0985,M046,B135,2026-04-21,2026-05-08
BR0986,M028,B288,2025-02-19,2025-02-24
BR0987,M098,B144,2025-09-02,2025-09-29
BR0988,M016,B043,2025-10-22,2025-11-15
BR0989,M149,B369,2026-04-16,2026-04-23
BR0990,M001,B315,2025-10-13,2025-11-10
BR0991,M116,B226,2025-11-07,2025-11-14
BR0992,M148,B187,2025-02-03,2025-02-25
BR0993,M082,B131,2024-07-29,2024-08-22
BR0994,M078,B374,2026-03-24,2026-04-17
BR0995,M089,B398,2025-03-21,2025-04-15
BR0996,M131,B173,2025-08-19,2025-08-22
BR0997,M076,B027,2024-05-10,2024-06-09
BR0998,M001,B295,2025-07-16,2025-07-20
BR0999,M029,B354,2026-04-20,2026-05-04
BR1000,M061,B183,2026-06-05,2026-06-08
BR1001,M082,B299,2025-08-27,2025-09-11
BR1002,M112,B232,2025-02-19,2025-03-06
BR1003,M122,B065,2025-11-09,2025-11-17
BR1004,M093,B349,2025-07-22,2025-08-06
BR1005,M033,B061,2024-06-06,2024-06-18
BR1006,M005,B067,2024-03-14,2024-04-06
BR1007,M112,B392,2025-05-13,2025-06-06
BR1008,M036,B269,2024-05-19,2024-05-24
BR1009,M117,B366,2025-03-01,2025-03-31
BR1010,M109,B264,2025-12-13,2026-01-04
BR1011,M109,B234,2025-04-10,2025-04-29
BR1012,M091,B100,2025-04-05,2025-04-20
BR1013,M002,B247,2025-03-10,2025-04-01
BR1014,M061,B299,2026-05-17,2026-06-12
BR1015,M140,B245,2024-10-02,2024-10-18
BR1016,M146,B200,2024-02-04,2024-02-08
BR1017,M149,B199,2025-01-12,2025-01-18
BR1018,M037,B305,2025-12-08,2025-12-13
BR1019,M072,B193,2025-06-23,2025-07-23
BR1020,M023,B107,2024-03-21,2024-04-09
BR1021,M020,B288,2025-10-07,2025-11-02
BR1022,M149,B137,2025-07-06,2025-08-03
BR1023,M137,B325,2024-02-24,2024-03-08
BR1024,M132,B370,2025-04-25,2025-05-12
BR1025,M085,B179,2025-08-10,2025-09-05
BR1026,M075,B072,2026-03-28,2026-04-09
BR1027,M078,B304,2025-12-12,2026-01-03
BR1028,M016,B266,2025-07-31,2025-08-11
BR1029,M147,B022,2025-08-15,2025-08-23
BR1030,M007,B123,2024-10-25,2024-11-22
BR1031,M130,B036,2024-03-25,2024-04-01
BR1032,M065,B060,2026-03-13,2026-03-24
BR1033,M066,B006,2024-10-14,2024-10-25
BR1034,M045,B370,2024-04-24,2024-05-16
BR1035,M115,B161,2026-01-26,2026-02-02
BR1036,M061,B201,2024-06-28,2024-07-09
BR1037,M009,B150,2026-03-29,2026-04-17
BR1038,M040,B349,2024-03-27,2024-04-03
BR1039,M099,B105,2026-02-09,2026-02-25
BR1040,M043,B093,2025-03-26,2025-04-21
BR1041,M089,B023,2026-01-21,2026-02-19
BR1042,M030,B022,2024-09-27,2024-10-24
BR1043,M122,B133,2025-04-20,2025-05-05
BR1044,M137,B104,2026-02-03,2026-03-02
BR1045,M100,B194,2025-11-30,2025-12-25
BR1046,M112,B004,2024-05-28,2024-06-16
BR1047,M098,B287,2026-03-27,2026-04-13
BR1048,M011,B045,2025-06-26,2025-07-20
BR1049,M091,B386,2025-06-28,2025-07-21
BR1050,M070,B146,2025-03-18,2025-04-09
BR1051,M026,B110,2024-09-30,2024-10-28
BR1052,M119,B324,2025-08-21,2025-09-05
BR1053,M050,B222,2026-02-06,2026-02-16
BR1054,M047,B138,2025-11-24,2025-12-19
BR1055,M003,B346,2024-01-11,2024-02-04
BR1056,M026,B225,2024-01-13,2024-01-29
BR1057,M090,B097,2025-12-02,2025-12-19
BR1058,M050,B014,2024-10-17,2024-10-28
BR1059,M015,B379,2025-09-26,2025-10-01
BR1060,M056,B383,2025-11-03,2025-12-02
BR1061,M031,B042,2025-10-15,2025-10-21
BR1062,M097,B278,2025-09-11,2025-09-18
BR1063,M048,B366,2025-10-25,2025-11-15
BR1064,M065,B127,2025-12-13,2025-12-21
BR1065,M117,B375,2025-11-07,2025-11-12
BR1066,M110,B290,2024-10-10,2024-11-06
BR1067,M083,B111,2025-11-14,2025-12-11
BR1068,M071,B324,2026-03-10,2026-03-15
BR1069,M086,B400,2025-01-26,2025-02-10
BR1070,M068,B076,2024-09-21,2024-10-20
BR1071,M052,B260,2024-03-12,2024-03-30
BR1072,M126,B048,2024-07-01,2024-07-24
BR1073,M111,B097,2025-07-07,2025-08-03
BR1074,M114,B300,2025-10-20,2025-10-26
BR1075,M019,B030,2024-04-15,2024-04-19
BR1076,M115,B007,2026-01-15,2026-01-26
BR1077,M001,B377,2025-05-24,2025-05-31
BR1078,M069,B068,2025-11-11,2025-11-26
BR1079,M148,B002,2024-12-03,2024-12-18
BR1080,M126,B197,2025-12-25,2026-01-21
BR1081,M018,B230,2025-02-17,2025-03-19
BR1082,M124,B053,2024-01-04,2024-01-19
BR1083,M086,B288,2025-07-02,2025-07-16
BR1084,M024,B159,2025-02-14,2025-02-18
BR1085,M021,B349,2026-05-23,2026-06-05
BR1086,M075,B274,2026-02-17,2026-03-16
BR1087,M011,B389,2024-06-29,2024-07-19
BR1088,M077,B291,2025-11-07,2025-11-16
BR1089,M092,B202,2024-04-19,2024-05-12
BR1090,M049,B066,2025-10-09,2025-10-26
BR1091,M062,B204,2024-07-16,2024-07-19
BR1092,M139,B270,2024-03-05,2024-04-02
BR1093,M116,B389,2025-05-26,2025-06-15
BR1094,M087,B024,2024-01-17,2024-01-21
BR1095,M011,B173,2026-03-17,2026-04-12
BR1096,M134,B189,2024-08-04,2024-09-01
BR1097,M138,B068,2025-11-25,2025-12-25
BR1098,M019,B016,2025-08-16,2025-08-26
BR1099,M005,B194,2024-05-24,2024-06-11
BR1100,M063,B293,2025-09-25,2025-09-29
BR1101,M045,B267,2024-05-13,2024-05-16
BR1102,M025,B189,2024-11-10,2024-12-09
BR1103,M017,B339,2024-06-23,2024-07-22
BR1104,M128,B253,2024-04-18,2024-04-24
BR1105,M017,B335,2025-09-22,2025-10-02
BR1106,M103,B143,2025-03-12,2025-03-25
BR1107,M140,B064,2025-12-01,2025-12-22
BR1108,M055,B319,2026-05-06,2026-06-03
BR1109,M086,B027,2025-08-30,2025-09-07
BR1110,M107,B073,2024-10-07,2024-10-14
BR1111,M043,B184,2025-01-13,2025-02-02
BR1112,M035,B046,2025-08-18,2025-08-22
BR1113,M097,B324,2026-05-17,2026-06-09
BR1114,M021,B002,2024-01-17,2024-02-04
BR1115,M073,B177,2024-07-02,2024-07-07
BR1116,M122,B290,2026-04-06,2026-05-04
BR1117,M070,B223,2024-07-30,2024-08-06
BR1118,M045,B261,2025-02-25,2025-03-07
BR1119,M047,B301,2024-02-08,2024-03-01
BR1120,M078,B151,2025-09-18,2025-09-23
BR1121,M061,B087,2024-01-05,2024-01-25
BR1122,M093,B355,2025-06-26,2025-07-02
BR1123,M057,B193,2025-07-06,2025-07-25
BR1124,M054,B117,2025-10-03,2025-10-27
BR1125,M039,B288,2024-07-17,2024-07-23
BR1126,M046,B070,2025-04-30,2025-05-18
BR1127,M094,B121,2024-02-14,2024-02-18
BR1128,M086,B263,2025-03-21,2025-04-01
BR1129,M012,B047,2026-02-15,2026-03-04
BR1130,M046,B069,2024-02-23,2024-03-14
BR1131,M132,B050,2024-01-30,2024-02-17
BR1132,M114,B253,2024-08-28,2024-09-23
BR1133,M051,B312,2024-11-29,2024-12-15
BR1134,M029,B143,2024-11-29,2024-12-09
BR1135,M106,B358,2024-04-10,2024-04-20
BR1136,M019,B194,2025-01-19,2025-01-29
BR1137,M112,B067,2025-05-11,2025-05-15
BR1138,M046,B166,2025-09-16,2025-10-03
BR1139,M050,B267,2024-05-19,2024-06-05
BR1140,M086,B056,2024-10-03,2024-10-12
BR1141,M016,B118,2025-12-09,2025-12-30
BR1142,M120,B189,2024-04-23,2024-05-23
BR1143,M088,B098,2024-06-24,2024-07-21
BR1144,M041,B330,2024-10-29,2024-11-20
BR1145,M044,B247,2025-10-15,2025-11-06
BR1146,M059,B042,2025-07-20,2025-08-19
BR1147,M126,B355,2026-05-27,2026-06-15
BR1148,M122,B349,2024-08-09,2024-08-30
BR1149,M110,B306,2024-10-12,2024-10-15
BR1150,M084,B183,2024-09-09,2024-09-19
BR1151,M039,B371,2024-08-15,2024-09-05
BR1152,M012,B017,2024-01-06,2024-01-22
BR1153,M130,B014,2025-04-26,2025-05-22
BR1154,M123,B336,2025-06-27,2025-07-12
BR1155,M026,B188,2025-12-14,2026-01-12
BR1156,M143,B315,2024-09-03,2024-09-08
BR1157,M105,B383,2025-12-10,2026-01-05
BR1158,M076,B106,2024-05-15,2024-05-29
BR1159,M123,B282,2024-04-02,2024-04-05
BR1160,M118,B353,2024-06-14,2024-07-09
BR1161,M007,B393,2026-02-04,2026-02-25
BR1162,M036,B359,2025-04-19,2025-05-16
BR1163,M095,B266,2025-02-19,2025-02-27
BR1164,M001,B353,2025-12-21,2026-01-13
BR1165,M086,B225,2024-03-13,2024-03-28
BR1166,M070,B292,2024-10-30,2024-11-15
BR1167,M148,B331,2025-09-19,2025-10-09
BR1168,M021,B264,2026-03-17,2026-04-10
BR1169,M015,B218,2024-12-09,2025-01-04
BR1170,M014,B048,2025-11-21,2025-12-05
BR1171,M011,B159,2025-01-09,2025-01-26
BR1172,M144,B296,2024-06-28,2024-07-21
BR1173,M053,B065,2025-07-28,2025-08-22
BR1174,M139,B049,2024-12-08,2024-12-18
BR1175,M149,B358,2025-05-04,2025-05-30
BR1176,M058,B141,2025-12-20,2025-12-29
BR1177,M109,B117,2024-09-30,2024-10-19
BR1178,M089,B188,2024-03-05,2024-03-19
BR1179,M032,B194,2025-05-28,2025-06-16
BR1180,M137,B367,2025-06-28,2025-07-22
BR1181,M095,B333,2025-04-07,2025-04-29
BR1182,M017,B084,2025-12-10,2026-01-07
BR1183,M021,B168,2025-04-13,2025-04-18
BR1184,M020,B048,2024-07-02,2024-07-14
BR1185,M038,B206,2024-10-09,2024-10-15
BR1186,M134,B385,2026-06-14,2026-06-23
BR1187,M107,B390,2024-01-24,2024-02-05
BR1188,M122,B151,2025-07-08,2025-07-15
BR1189,M006,B127,2025-03-30,2025-04-25
BR1190,M060,B347,2024-03-05,2024-03-08
BR1191,M086,B176,2025-06-16,2025-07-09
BR1192,M084,B202,2024-12-17,2025-01-09
BR1193,M136,B350,2025-11-12,2025-12-07
BR1194,M078,B241,2025-03-31,2025-04-17
BR1195,M044,B330,2026-03-19,2026-03-31
BR1196,M096,B390,2024-08-20,2024-09-07
BR1197,M013,B067,2026-02-27,2026-03-29
BR1198,M043,B263,2024-10-18,2024-11-04
BR1199,M138,B121,2024-06-13,2024-07-08
BR1200,M040,B070,2024-06-28,2024-07-27
BR1201,M082,B244,2024-04-29,2024-05-03
BR1202,M095,B080,2025-03-27,2025-04-07
BR1203,M009,B280,2025-07-29,2025-08-23
BR1204,M096,B187,2024-12-18,2024-12-25
BR1205,M078,B053,2024-06-15,2024-07-05
BR1206,M128,B320,2024-01-26,2024-02-10
BR1207,M040,B002,2025-04-14,2025-04-27
BR1208,M130,B146,2026-01-26,2026-02-15
BR1209,M122,B366,2025-12-23,2026-01-04
BR1210,M038,B332,2026-02-11,2026-03-04
BR1211,M087,B289,2026-01-16,2026-02-02
BR1212,M011,B066,2026-01-19,2026-02-06
BR1213,M079,B008,2025-07-18,2025-07-24
BR1214,M057,B186,2025-09-24,2025-10-23
BR1215,M015,B260,2024-04-04,2024-04-17
BR1216,M135,B098,2024-07-18,2024-08-08
BR1217,M051,B007,2026-02-24,2026-03-07
BR1218,M115,B287,2025-07-05,2025-08-04
BR1219,M101,B087,2024-03-30,2024-04-18
BR1220,M131,B381,2024-11-21,2024-12-13
BR1221,M102,B067,2025-11-13,2025-11-27
BR1222,M095,B166,2026-05-24,2026-06-09
BR1223,M089,B152,2024-01-13,2024-01-25
BR1224,M144,B042,2025-04-01,2025-05-01
BR1225,M107,B335,2026-01-15,2026-02-01
BR1226,M109,B304,2024-10-22,2024-10-30
BR1227,M023,B067,2025-02-28,2025-03-07
BR1228,M135,B395,2024-11-06,2024-11-24
BR1229,M097,B042,2024-03-08,2024-03-29
BR1230,M070,B177,2025-02-23,2025-03-18
BR1231,M146,B315,2025-07-23,2025-08-09
BR1232,M048,B347,2024-05-20,2024-05-29
BR1233,M126,B018,2024-10-23,2024-11-12
BR1234,M150,B134,2026-04-26,2026-05-08
BR1235,M119,B100,2025-07-26,2025-08-21
BR1236,M040,B113,2026-03-21,2026-03-24
BR1237,M121,B053,2025-10-17,2025-11-15
BR1238,M107,B076,2025-11-12,2025-11-24
BR1239,M063,B009,2025-12-05,2025-12-28
BR1240,M127,B400,2026-02-22,2026-03-05
BR1241,M093,B249,2024-03-09,2024-03-31
BR1242,M067,B266,2025-08-02,2025-08-18
BR1243,M031,B162,2025-05-02,2025-05-27
BR1244,M005,B350,2026-01-20,2026-02-10
BR1245,M015,B067,2024-06-15,2024-07-06
BR1246,M035,B156,2025-04-17,2025-05-12
BR1247,M093,B179,2024-02-24,2024-03-06
BR1248,M075,B127,2024-12-30,2025-01-03
BR1249,M132,B087,2025-10-16,2025-10-21
BR1250,M025,B254,2025-10-05,2025-10-13
BR1251,M083,B358,2024-06-20,2024-07-10
BR1252,M078,B115,2026-04-26,2026-05-26
BR1253,M093,B045,2025-12-15,2026-01-09
BR1254,M037,B005,2025-08-16,2025-08-30
BR1255,M096,B325,2025-06-14,2025-06-26
BR1256,M042,B046,2025-02-25,2025-03-10
BR1257,M057,B346,2024-06-07,2024-06-26
BR1258,M135,B350,2026-03-25,2026-04-14
BR1259,M030,B178,2025-12-30,2026-01-19
BR1260,M034,B375,2024-03-19,2024-03-25
BR1261,M080,B289,2025-05-06,2025-05-20
BR1262,M114,B363,2024-05-22,2024-06-20
BR1263,M088,B073,2025-09-03,2025-09-22
BR1264,M031,B098,2024-11-07,2024-11-10
BR1265,M037,B289,2026-05-27,2026-06-21
BR1266,M054,B058,2024-11-10,2024-11-17
BR1267,M029,B036,2024-03-21,2024-04-06
BR1268,M111,B018,2026-03-04,2026-03-22
BR1269,M132,B253,2024-04-20,2024-04-24
BR1270,M065,B019,2025-04-25,2025-05-01
BR1271,M003,B315,2024-11-04,2024-11-28
BR1272,M053,B252,2026-03-12,2026-03-18
BR1273,M090,B010,2024-07-23,2024-07-31
BR1274,M072,B383,2024-05-29,2024-06-28
BR1275,M042,B353,2024-12-22,2025-01-05
BR1276,M062,B210,2026-03-10,2026-04-05
BR1277,M149,B318,2024-03-10,2024-03-16
BR1278,M050,B388,2025-06-25,2025-07-04
BR1279,M138,B002,2024-06-24,2024-07-21
BR1280,M055,B374,2026-01-12,2026-01-18
BR1281,M122,B159,2026-05-21,2026-06-15
BR1282,M113,B284,2025-08-26,2025-09-03
BR1283,M091,B394,2024-04-19,2024-04-27
BR1284,M132,B100,2025-03-10,2025-03-19
BR1285,M081,B053,2024-04-25,2024-05-22
BR1286,M035,B206,2024-04-22,2024-05-11
BR1287,M074,B236,2025-01-04,2025-01-29
BR1288,M084,B206,2024-02-11,2024-02-16
BR1289,M117,B254,2025-01-29,2025-02-10
BR1290,M114,B100,2024-11-15,2024-12-09
BR1291,M110,B084,2025-02-21,2025-03-05
BR1292,M122,B380,2024-03-12,2024-04-10
BR1293,M004,B400,2025-01-11,2025-01-19
BR1294,M027,B170,2025-05-18,2025-06-11
BR1295,M022,B053,2025-06-19,2025-07-13
BR1296,M027,B309,2025-02-08,2025-02-23
BR1297,M094,B392,2024-06-21,2024-06-26
BR1298,M104,B053,2024-12-12,2024-12-21
BR1299,M128,B117,2026-05-08,2026-05-24
BR1300,M149,B253,2025-12-31,2026-01-27
BR1301,M103,B155,2026-02-13,2026-03-13
BR1302,M104,B396,2025-11-13,2025-12-05
BR1303,M038,B320,2025-06-07,2025-06-18
BR1304,M065,B204,2024-04-20,2024-04-26
BR1305,M035,B010,2024-08-24,2024-09-16
BR1306,M018,B206,2026-01-25,2026-01-29
BR1307,M098,B258,2024-01-28,2024-02-05
BR1308,M078,B264,2024-11-30,2024-12-07
BR1309,M020,B279,2024-04-08,2024-05-05
BR1310,M127,B331,2025-06-16,2025-07-13
BR1311,M128,B204,2024-07-25,2024-08-06
BR1312,M088,B336,2024-09-24,2024-10-14
BR1313,M005,B385,2025-07-07,2025-07-27
BR1314,M031,B165,2024-02-02,2024-02-18
BR1315,M097,B186,2024-11-18,2024-12-18
BR1316,M046,B236,2024-02-06,2024-02-10
BR1317,M078,B362,2026-05-31,2026-06-27
BR1318,M111,B062,2024-06-17,2024-07-05
BR1319,M125,B319,2026-01-02,2026-01-17
BR1320,M126,B279,2025-08-05,2025-08-29
BR1321,M147,B194,2025-12-02,2025-12-22
BR1322,M041,B211,2025-07-29,2025-08-28
BR1323,M127,B252,2025-02-04,2025-02-15
BR1324,M091,B319,2025-01-21,2025-02-12
BR1325,M016,B009,2024-10-18,2024-10-31
BR1326,M094,B151,2024-02-16,2024-02-23
BR1327,M007,B319,2026-01-29,2026-02-19
BR1328,M098,B045,2025-10-02,2025-10-15
BR1329,M106,B152,2024-12-19,2025-01-02
BR1330,M064,B104,2025-11-08,2025-11-18
BR1331,M022,B370,2024-11-15,2024-12-06
BR1332,M079,B049,2024-03-08,2024-04-07
BR1333,M138,B143,2024-06-22,2024-06-25
BR1334,M109,B241,2025-04-16,2025-05-10
BR1335,M006,B291,2025-03-07,2025-03-18
BR1336,M082,B164,2025-08-25,2025-08-28
BR1337,M147,B045,2025-02-03,2025-02-16
BR1338,M053,B147,2025-05-15,2025-05-21
BR1339,M087,B071,2025-05-29,2025-06-26
BR1340,M112,B090,2024-11-02,2024-11-16
BR1341,M020,B349,2025-10-12,2025-11-11
BR1342,M074,B113,2025-07-02,2025-07-11
BR1343,M103,B335,2024-10-31,2024-11-21
BR1344,M024,B301,2025-10-01,2025-10-27
BR1345,M087,B115,2025-08-15,2025-08-21
BR1346,M136,B195,2025-08-03,2025-08-31
BR1347,M020,B276,2024-08-02,2024-08-16
BR1348,M077,B183,2024-11-05,2024-11-24
BR1349,M052,B177,2025-07-06,2025-07-19
BR1350,M132,B188,2024-09-14,2024-10-06
BR1351,M047,B361,2026-02-20,2026-03-12
BR1352,M133,B355,2025-10-04,2025-10-29
BR1353,M055,B279,2025-08-13,2025-08-31
BR1354,M120,B114,2026-04-23,2026-05-19
BR1355,M112,B377,2025-10-15,2025-11-04
BR1356,M016,B222,2026-01-14,2026-02-06
BR1357,M038,B106,2025-01-08,2025-01-25
BR1358,M077,B350,2026-02-03,2026-02-27
BR1359,M017,B267,2025-02-24,2025-03-09
BR1360,M069,B343,2026-05-16,2026-06-01
BR1361,M066,B289,2025-10-23,2025-10-31
BR1362,M062,B049,2024-08-29,2024-09-13
BR1363,M063,B331,2024-07-15,2024-07-18
BR1364,M125,B236,2024-11-13,2024-11-30
BR1365,M010,B090,2025-03-22,2025-04-07
BR1366,M008,B111,2024-10-06,2024-10-13
BR1367,M141,B075,2026-04-02,2026-04-13
BR1368,M125,B328,2026-05-22,2026-05-26
BR1369,M022,B138,2024-02-26,2024-03-27
BR1370,M017,B368,2024-11-01,2024-12-01
BR1371,M024,B170,2025-02-20,2025-03-06
BR1372,M036,B104,2026-05-09,2026-06-04
BR1373,M129,B377,2025-08-07,2025-09-02
BR1374,M149,B383,2025-06-18,2025-07-12
BR1375,M128,B362,2025-06-21,2025-07-02
BR1376,M032,B324,2024-08-31,2024-09-22
BR1377,M150,B307,2024-11-16,2024-11-29
BR1378,M061,B377,2026-04-05,2026-05-01
BR1379,M028,B075,2024-08-11,2024-08-18
BR1380,M105,B110,2024-10-08,2024-10-25
BR1381,M126,B227,2025-08-26,2025-08-30
BR1382,M082,B233,2025-12-17,2025-12-23
BR1383,M064,B388,2025-05-01,2025-05-25
BR1384,M038,B157,2026-06-19,2026-07-17
BR1385,M079,B007,2026-01-02,2026-01-16
BR1386,M014,B289,2025-09-12,2025-09-16
BR1387,M062,B110,2026-03-18,2026-04-11
BR1388,M093,B369,2025-01-28,2025-02-09
BR1389,M137,B356,2025-12-02,2025-12-08
BR1390,M100,B003,2026-05-28,2026-06-14
BR1391,M078,B043,2025-02-06,2025-02-17
BR1392,M061,B130,2026-04-22,2026-05-19
BR1393,M113,B267,2026-05-30,2026-06-07
BR1394,M105,B330,2026-06-19,2026-07-17
BR1395,M021,B343,2024-10-07,2024-11-06
BR1396,M106,B375,2025-05-18,2025-06-05
BR1397,M109,B360,2024-12-06,2024-12-31
BR1398,M042,B292,2026-04-19,2026-04-25
BR1399,M091,B179,2025-06-02,2025-06-07
BR1400,M141,B308,2026-01-16,2026-02-14
BR1401,M008,B318,2025-04-09,2025-05-04
BR1402,M048,B267,2025-10-18,2025-11-10
BR1403,M035,B002,2026-03-21,2026-04-13
BR1404,M079,B138,2024-07-23,2024-08-15
BR1405,M041,B109,2024-03-25,2024-03-31
BR1406,M034,B350,2025-12-31,2026-01-27
BR1407,M082,B187,2025-12-03,2025-12-19
BR1408,M035,B112,2026-06-13,2026-07-09
BR1409,M084,B332,2025-12-04,2025-12-25
BR1410,M107,B159,2024-07-22,2024-07-27
BR1411,M147,B100,2025-02-06,2025-02-21
BR1412,M059,B370,2024-01-24,2024-02-13
BR1413,M068,B293,2025-04-18,2025-04-27
BR1414,M103,B263,2024-06-21,2024-06-25
BR1415,M039,B042,2025-09-06,2025-09-17
BR1416,M146,B051,2025-01-11,2025-01-19
BR1417,M112,B324,2026-01-05,2026-01-24
BR1418,M127,B052,2025-04-09,2025-05-08
BR1419,M049,B382,2025-12-31,2026-01-09
BR1420,M069,B124,2026-04-12,2026-05-10
BR1421,M034,B182,2025-05-21,2025-06-05
BR1422,M056,B400,2024-07-30,2024-08-21
BR1423,M049,B178,2024-10-16,2024-11-11
BR1424,M038,B009,2025-02-22,2025-03-22
BR1425,M116,B370,2024-09-25,2024-10-05
BR1426,M118,B041,2025-01-13,2025-02-03
BR1427,M083,B392,2025-04-25,2025-05-02
BR1428,M055,B299,2025-02-11,2025-03-07
BR1429,M066,B032,2025-12-26,2026-01-11
BR1430,M014,B146,2025-07-24,2025-07-28
BR1431,M091,B400,2024-08-28,2024-09-15
BR1432,M012,B002,2025-11-17,2025-12-15
BR1433,M098,B134,2025-05-31,2025-06-22
BR1434,M095,B060,2025-02-08,2025-03-04
BR1435,M149,B076,2025-07-26,2025-07-30
BR1436,M127,B376,2024-06-22,2024-07-11
BR1437,M034,B042,2026-06-17,2026-07-04
BR1438,M111,B066,2025-12-28,2026-01-16
BR1439,M012,B394,2024-04-29,2024-05-12
BR1440,M072,B312,2025-05-26,2025-06-25
BR1441,M068,B262,2025-03-16,2025-03-28
BR1442,M133,B138,2026-02-18,2026-03-01
BR1443,M126,B318,2024-06-17,2024-06-30
BR1444,M113,B022,2024-06-03,2024-06-23
BR1445,M059,B079,2024-06-01,2024-06-05
BR1446,M042,B297,2025-04-26,2025-05-07
BR1447,M127,B017,2025-03-22,2025-03-28
BR1448,M144,B201,2024-12-31,2025-01-25
BR1449,M038,B053,2025-05-19,2025-05-25
BR1450,M073,B077,2024-04-05,2024-04-14
BR1451,M131,B343,2024-06-21,2024-07-17
BR1452,M150,B094,2025-07-30,2025-08-23
BR1453,M147,B077,2024-01-05,2024-01-24
BR1454,M128,B287,2024-03-19,2024-03-29
BR1455,M073,B288,2024-12-02,2024-12-05
BR1456,M101,B162,2025-11-27,2025-12-03
BR1457,M083,B069,2024-04-18,2024-05-17
BR1458,M123,B188,2024-03-24,2024-04-10
BR1459,M002,B145,2024-10-02,2024-10-24
BR1460,M116,B143,2024-02-14,2024-03-08
BR1461,M146,B057,2026-01-19,2026-02-14
BR1462,M073,B143,2026-06-02,2026-06-06
BR1463,M019,B233,2024-02-26,2024-03-23
BR1464,M024,B170,2025-09-08,2025-09-23
BR1465,M103,B042,2024-07-01,2024-07-11
BR1466,M042,B167,2026-05-22,2026-05-31
BR1467,M040,B053,2025-02-16,2025-02-28
BR1468,M111,B306,2025-05-17,2025-06-14
BR1469,M034,B156,2024-11-13,2024-12-07
BR1470,M095,B216,2024-04-08,2024-05-07
BR1471,M100,B196,2025-05-16,2025-06-02
BR1472,M109,B043,2025-07-30,2025-08-21
BR1473,M095,B262,2025-03-08,2025-04-05
BR1474,M110,B043,2025-03-20,2025-04-12
BR1475,M119,B287,2025-06-09,2025-06-22
BR1476,M040,B376,2025-10-25,2025-11-18
BR1477,M135,B041,2025-06-23,2025-07-16
BR1478,M021,B370,2025-04-24,2025-05-10
BR1479,M039,B395,2025-05-04,2025-05-16
BR1480,M064,B223,2025-12-01,2025-12-13
BR1481,M013,B234,2024-10-29,2024-11-19
BR1482,M028,B214,2024-02-16,2024-03-06
BR1483,M119,B279,2025-02-26,2025-03-04
BR1484,M065,B155,2025-08-05,2025-09-03
BR1485,M129,B006,2025-08-22,2025-08-27
BR1486,M119,B076,2026-01-28,2026-02-21
BR1487,M101,B019,2024-07-05,2024-08-03
BR1488,M077,B138,2025-03-02,2025-03-27
BR1489,M116,B264,2026-01-11,2026-01-28
BR1490,M048,B093,2024-09-28,2024-10-11
BR1491,M067,B358,2024-03-21,2024-04-16
BR1492,M137,B006,2024-04-18,2024-05-04
BR1493,M004,B073,2025-02-08,2025-02-14
BR1494,M104,B357,2025-05-03,2025-05-20
BR1495,M125,B134,2026-02-01,2026-02-23
BR1496,M093,B289,2026-04-12,2026-05-04
BR1497,M102,B335,2025-12-07,2025-12-31
BR1498,M035,B006,2024-03-30,2024-04-06
BR1499,M005,B291,2024-04-24,2024-05-23
BR1500,M007,B093,2024-07-11,2024-08-10
BR1501,M062,B184,2025-10-26,2025-11-02
BR1502,M138,B086,2025-10-03,2025-11-02
BR1503,M119,B067,2024-11-04,2024-12-01
BR1504,M030,B071,2025-03-08,2025-03-11
BR1505,M114,B388,2024-06-05,2024-07-01
BR1506,M116,B251,2025-04-27,2025-04-30
BR1507,M146,B345,2024-07-25,2024-08-06
BR1508,M086,B003,2025-02-05,2025-02-09
BR1509,M111,B394,2025-10-07,2025-11-06
BR1510,M149,B253,2026-05-18,2026-06-05
BR1511,M010,B203,2025-07-21,2025-08-02
BR1512,M125,B104,2025-05-12,2025-05-31
BR1513,M005,B179,2024-03-03,2024-03-22
BR1514,M017,B114,2024-11-19,2024-12-09
BR1515,M122,B051,2025-10-25,2025-11-10
BR1516,M089,B187,2025-09-29,2025-10-22
BR1517,M042,B124,2025-03-22,2025-03-25
BR1518,M089,B184,2024-07-15,2024-08-02
BR1519,M087,B374,2025-06-03,2025-06-13
BR1520,M120,B059,2026-05-23,2026-06-21
BR1521,M100,B387,2024-10-27,2024-11-22
BR1522,M093,B331,2026-05-03,2026-05-27
BR1523,M042,B264,2026-03-29,2026-04-28
BR1524,M023,B281,2024-10-16,2024-11-10
BR1525,M052,B069,2024-05-12,2024-05-20
BR1526,M107,B381,2025-05-18,2025-05-24
BR1527,M061,B093,2025-05-20,2025-06-01
BR1528,M092,B361,2024-02-18,2024-02-21
BR1529,M041,B074,2024-12-31,2025-01-24
BR1530,M009,B336,2026-05-30,2026-06-18
BR1531,M030,B263,2024-12-11,2024-12-27
BR1532,M058,B202,2024-05-03,2024-05-23
BR1533,M091,B321,2024-12-14,2025-01-11
BR1534,M069,B366,2026-02-27,2026-03-19
BR1535,M132,B257,2026-05-23,2026-06-17
BR1536,M013,B375,2024-04-16,2024-05-11
BR1537,M118,B387,2025-03-24,2025-04-21
BR1538,M028,B327,2026-02-12,2026-02-18
BR1539,M027,B343,2025-09-16,2025-10-14
BR1540,M027,B072,2024-02-12,2024-03-02
BR1541,M053,B370,2024-04-30,2024-05-30
BR1542,M075,B299,2024-06-09,2024-07-05
BR1543,M128,B306,2026-02-19,2026-03-10
BR1544,M094,B146,2024-04-11,2024-04-18
BR1545,M052,B184,2024-05-21,2024-05-27
BR1546,M002,B107,2025-03-01,2025-03-28
BR1547,M088,B123,2026-04-08,2026-04-26
BR1548,M069,B162,2024-06-24,2024-06-29
BR1549,M093,B266,2026-02-11,2026-02-27
BR1550,M136,B179,2024-09-08,2024-09-15
BR1551,M110,B176,2024-08-21,2024-08-28
BR1552,M133,B331,2025-02-23,2025-03-12
BR1553,M114,B067,2025-01-05,2025-01-08
BR1554,M133,B381,2024-01-11,2024-02-05
BR1555,M081,B171,2024-03-27,2024-04-09
BR1556,M112,B027,2026-03-01,2026-03-09
BR1557,M039,B369,2026-02-16,2026-02-20
BR1558,M134,B392,2024-02-29,2024-03-23
BR1559,M142,B359,2025-03-05,2025-03-20
BR1560,M081,B370,2026-01-08,2026-02-03
BR1561,M072,B367,2024-01-09,2024-02-07
BR1562,M104,B187,2025-09-17,2025-09-24
BR1563,M114,B292,2024-07-29,2024-08-18
BR1564,M104,B324,2026-04-11,2026-05-09
BR1565,M010,B228,2024-11-04,2024-11-09
BR1566,M033,B222,2025-02-03,2025-03-01
BR1567,M055,B043,2025-07-07,2025-07-19
BR1568,M134,B149,2025-07-19,2025-07-31
BR1569,M006,B009,2025-10-12,2025-10-20
BR1570,M067,B106,2026-03-26,2026-04-15
BR1571,M109,B396,2026-03-03,2026-03-15
BR1572,M016,B349,2024-04-23,2024-05-19
BR1573,M130,B154,2024-09-22,2024-10-15
BR1574,M032,B187,2024-02-18,2024-03-16
BR1575,M002,B188,2025-08-09,2025-09-04
BR1576,M149,B239,2024-08-29,2024-09-26
BR1577,M137,B350,2025-10-04,2025-10-28
BR1578,M077,B121,2024-08-27,2024-09-10
BR1579,M147,B283,2026-03-14,2026-04-12
BR1580,M134,B308,2026-01-01,2026-01-16
BR1581,M133,B250,2024-04-17,2024-04-30
BR1582,M093,B188,2026-04-22,2026-05-19
BR1583,M109,B345,2024-05-30,2024-06-24
BR1584,M016,B180,2024-03-24,2024-03-29
BR1585,M055,B187,2024-05-13,2024-05-31
BR1586,M135,B172,2025-01-13,2025-02-06
BR1587,M102,B358,2025-07-26,2025-08-14
BR1588,M109,B400,2025-08-21,2025-09-08
BR1589,M107,B343,2025-12-06,2025-12-24
BR1590,M033,B201,2024-05-27,2024-06-15
BR1591,M132,B355,2025-04-13,2025-04-20
BR1592,M055,B188,2024-04-30,2024-05-25
BR1593,M041,B382,2024-02-03,2024-02-29
BR1594,M105,B048,2025-01-13,2025-01-19
BR1595,M075,B017,2025-01-13,2025-02-03
BR1596,M096,B134,2024-06-05,2024-06-11
BR1597,M076,B202,2025-01-18,2025-01-30
BR1598,M037,B329,2026-03-21,2026-03-28
BR1599,M079,B363,2025-03-07,2025-03-11
BR1600,M126,B002,2024-08-08,2024-08-16
BR1601,M018,B358,2025-07-14,2025-07-28
BR1602,M147,B137,2025-03-03,2025-03-21
BR1603,M097,B195,2025-04-08,2025-04-21
BR1604,M034,B318,2026-01-07,2026-02-05
BR1605,M118,B318,2025-05-31,2025-06-23
BR1606,M039,B355,2025-11-14,2025-12-01
BR1607,M105,B166,2024-11-29,2024-12-04
BR1608,M139,B019,2025-02-08,2025-02-21
BR1609,M072,B272,2025-11-17,2025-12-04
BR1610,M007,B243,2026-06-05,2026-06-13
BR1611,M080,B237,2026-03-26,2026-04-22
BR1612,M144,B041,2024-05-06,2024-05-29
BR1613,M148,B315,2025-09-25,2025-10-15
BR1614,M049,B314,2025-08-06,2025-08-25
BR1615,M031,B278,2025-05-29,2025-06-01
BR1616,M005,B116,2025-06-28,2025-07-06
BR1617,M149,B186,2024-07-29,2024-08-08
BR1618,M083,B172,2026-04-06,2026-04-26
BR1619,M006,B148,2024-02-16,2024-03-05
BR1620,M007,B353,2024-07-03,2024-07-19
BR1621,M066,B043,2024-11-20,2024-12-05
BR1622,M044,B121,2024-04-11,2024-05-01
BR1623,M023,B069,2024-07-06,2024-07-17
BR1624,M044,B026,2025-02-21,2025-03-17
BR1625,M007,B299,2024-11-29,2024-12-07
BR1626,M026,B141,2024-11-01,2024-11-16
BR1627,M067,B162,2025-02-26,2025-03-11
BR1628,M014,B090,2026-04-27,2026-05-03
BR1629,M061,B206,2026-02-09,2026-03-03
BR1630,M099,B383,2026-02-09,2026-02-28
BR1631,M082,B193,2024-10-02,2024-10-06
BR1632,M124,B010,2025-02-20,2025-02-25
BR1633,M005,B114,2025-10-10,2025-10-20
BR1634,M026,B107,2025-08-23,2025-09-16
BR1635,M033,B134,2025-07-22,2025-08-14
BR1636,M022,B350,2025-02-20,2025-03-09
BR1637,M037,B162,2025-05-27,2025-06-05
BR1638,M063,B228,2024-06-21,2024-07-19
BR1639,M116,B017,2025-03-09,2025-03-29
BR1640,M075,B276,2026-04-12,2026-04-29
BR1641,M016,B377,2024-06-20,2024-06-23
BR1642,M065,B349,2025-05-08,2025-05-19
BR1643,M055,B251,2025-01-24,2025-02-07
BR1644,M012,B070,2025-06-06,2025-06-18
BR1645,M018,B132,2025-06-30,2025-07-21
BR1646,M032,B345,2025-02-08,2025-03-05
BR1647,M072,B361,2026-01-12,2026-02-01
BR1648,M130,B387,2024-08-03,2024-08-25
BR1649,M088,B267,2024-11-21,2024-12-15
BR1650,M116,B115,2026-02-09,2026-03-06
BR1651,M088,B093,2025-11-09,2025-11-22
BR1652,M005,B371,2025-09-05,2025-09-18
BR1653,M001,B260,2024-05-16,2024-06-08
BR1654,M045,B176,2024-01-05,2024-01-08
BR1655,M126,B318,2025-12-14,2026-01-08
BR1656,M020,B229,2025-07-05,2025-07-10
BR1657,M114,B283,2026-05-02,2026-05-31
BR1658,M097,B345,2024-12-27,2025-01-25
BR1659,M046,B349,2025-01-01,2025-01-16
BR1660,M003,B054,2026-04-11,2026-05-06
BR1661,M114,B003,2025-01-14,2025-01-23
BR1662,M072,B288,2026-01-30,2026-02-02
BR1663,M050,B043,2025-12-27,2026-01-10
BR1664,M078,B336,2025-09-20,2025-10-13
BR1665,M127,B389,2024-08-14,2024-08-24
BR1666,M127,B369,2024-02-07,2024-02-18
BR1667,M054,B002,2025-12-24,2026-01-15
BR1668,M102,B048,2026-04-20,2026-05-13
BR1669,M129,B206,2024-10-11,2024-11-01
BR1670,M145,B283,2025-07-19,2025-07-28
BR1671,M045,B027,2025-09-09,2025-09-30
BR1672,M017,B056,2024-05-11,2024-06-06
BR1673,M059,B361,2025-08-06,2025-09-05
BR1674,M071,B087,2026-01-16,2026-02-13
BR1675,M137,B262,2025-11-25,2025-11-28
BR1676,M117,B002,2025-11-28,2025-12-18
BR1677,M014,B352,2025-03-13,2025-04-05
BR1678,M105,B115,2024-11-26,2024-12-12
BR1679,M120,B206,2025-11-27,2025-12-16
BR1680,M012,B362,2025-06-13,2025-07-10
BR1681,M072,B373,2024-08-17,2024-08-21
BR1682,M081,B002,2025-06-29,2025-07-16
BR1683,M021,B361,2024-07-18,2024-07-31
BR1684,M058,B394,2026-04-07,2026-04-10
BR1685,M064,B088,2025-03-09,2025-03-14
BR1686,M017,B266,2024-12-03,2024-12-15
BR1687,M123,B183,2024-04-09,2024-04-12
BR1688,M086,B349,2024-01-25,2024-02-15
BR1689,M122,B105,2024-09-10,2024-09-16
BR1690,M014,B342,2024-12-14,2025-01-12
BR1691,M061,B381,2025-06-16,2025-07-14
BR1692,M113,B319,2026-03-05,2026-03-27
BR1693,M149,B054,2025-10-02,2025-10-19
BR1694,M097,B138,2024-03-03,2024-03-07
BR1695,M017,B328,2026-05-18,2026-06-12
BR1696,M114,B023,2024-03-04,2024-04-01
BR1697,M111,B027,2025-09-17,2025-10-10
BR1698,M144,B022,2025-11-24,2025-11-28
BR1699,M103,B045,2026-05-20,2026-06-04
BR1700,M060,B355,2026-02-09,2026-02-25
BR1701,M003,B188,2026-03-17,2026-04-10
BR1702,M110,B361,2025-04-20,2025-05-18
BR1703,M087,B276,2025-09-26,2025-10-02
BR1704,M007,B188,2025-11-22,2025-12-20
BR1705,M050,B048,2024-12-02,2024-12-23
BR1706,M018,B253,2024-01-13,2024-02-04
BR1707,M147,B055,2026-05-10,2026-05-19
BR1708,M091,B179,2025-06-05,2025-06-16
BR1709,M114,B082,2026-01-12,2026-02-03
BR1710,M012,B026,2024-05-20,2024-06-17
BR1711,M112,B216,2024-11-15,2024-12-06
BR1712,M092,B137,2025-10-29,2025-11-25
BR1713,M038,B067,2025-07-08,2025-08-04
BR1714,M088,B126,2024-11-12,2024-12-04
BR1715,M038,B025,2024-01-09,2024-01-28
BR1716,M144,B353,2025-06-03,2025-07-02
BR1717,M051,B393,2025-03-08,2025-03-22
BR1718,M018,B149,2025-10-17,2025-10-26
BR1719,M120,B254,2025-11-14,2025-12-02
BR1720,M149,B240,2024-12-05,2025-01-04
BR1721,M077,B179,2024-12-09,2024-12-31
BR1722,M117,B359,2024-06-15,2024-06-21
BR1723,M057,B374,2024-02-13,2024-03-02
BR1724,M059,B193,2025-10-16,2025-10-26
BR1725,M124,B306,2024-08-06,2024-08-16
BR1726,M097,B091,2026-04-14,2026-04-27
BR1727,M002,B157,2024-07-07,2024-08-05
BR1728,M008,B234,2024-03-16,2024-03-30
BR1729,M113,B087,2024-05-25,2024-06-06
BR1730,M093,B019,2025-08-22,2025-09-18
BR1731,M051,B120,2024-01-31,2024-02-09
BR1732,M045,B148,2024-08-12,2024-08-23
BR1733,M046,B088,2025-07-21,2025-07-31
BR1734,M068,B370,2024-06-29,2024-07-28
BR1735,M036,B165,2024-01-22,2024-02-20
BR1736,M087,B377,2026-03-17,2026-03-23
BR1737,M062,B161,2024-11-08,2024-11-25
BR1738,M044,B380,2025-01-16,2025-02-09
BR1739,M112,B361,2026-03-29,2026-04-20
BR1740,M037,B361,2024-03-07,2024-03-13
BR1741,M049,B086,2024-05-13,2024-06-10
BR1742,M096,B141,2025-01-22,2025-02-16
BR1743,M063,B374,2025-03-15,2025-04-07
BR1744,M049,B352,2026-02-20,2026-03-14
BR1745,M039,B144,2024-10-28,2024-11-25
BR1746,M072,B358,2024-02-24,2024-03-18
BR1747,M150,B363,2026-05-21,2026-06-09
BR1748,M021,B329,2024-08-02,2024-08-28
BR1749,M017,B072,2026-03-20,2026-04-13
BR1750,M131,B162,2025-02-01,2025-02-28
BR1751,M046,B142,2025-06-15,2025-07-02
BR1752,M124,B300,2025-01-17,2025-02-05
BR1753,M069,B249,2025-05-21,2025-06-08
BR1754,M150,B275,2025-10-15,2025-11-12
BR1755,M052,B188,2024-07-31,2024-08-10
BR1756,M056,B134,2024-08-28,2024-09-12
BR1757,M041,B377,2025-01-21,2025-02-11
BR1758,M141,B041,2025-01-18,2025-01-29
BR1759,M076,B186,2026-02-08,2026-02-13
BR1760,M150,B017,2024-12-26,2025-01-05
BR1761,M087,B180,2025-06-08,2025-06-30
BR1762,M105,B159,2025-04-23,2025-05-09
BR1763,M070,B165,2025-05-24,2025-06-06
BR1764,M060,B113,2024-07-02,2024-07-19
BR1765,M022,B127,2024-03-18,2024-04-01
BR1766,M140,B270,2025-05-28,2025-06-16
BR1767,M059,B046,2026-03-15,2026-03-26
BR1768,M010,B233,2024-03-14,2024-03-28
BR1769,M085,B109,2024-12-07,2024-12-16
BR1770,M071,B085,2026-02-02,2026-03-03
BR1771,M140,B371,2025-09-10,2025-09-17
BR1772,M077,B119,2024-01-09,2024-02-05
BR1773,M104,B382,2024-12-20,2025-01-17
BR1774,M004,B194,2026-04-21,2026-05-12
BR1775,M039,B355,2025-06-08,2025-07-05
BR1776,M054,B194,2024-08-21,2024-08-31
BR1777,M142,B315,2025-06-12,2025-07-03
BR1778,M119,B149,2026-01-09,2026-02-07
BR1779,M049,B180,2024-03-28,2024-04-10
BR1780,M054,B184,2025-12-15,2025-12-31
BR1781,M008,B162,2026-05-23,2026-06-12
BR1782,M033,B134,2025-08-14,2025-09-13
BR1783,M128,B336,2026-01-25,2026-01-28
BR1784,M087,B100,2026-05-04,2026-05-18
BR1785,M104,B318,2025-03-11,2025-04-04
BR1786,M077,B143,2025-12-08,2025-12-28
BR1787,M009,B375,2024-01-24,2024-02-14
BR1788,M146,B267,2024-06-06,2024-06-19
BR1789,M147,B356,2025-09-09,2025-10-01
BR1790,M101,B027,2025-01-25,2025-02-03
BR1791,M122,B048,2025-01-30,2025-02-08
BR1792,M078,B043,2025-08-06,2025-08-23
BR1793,M142,B076,2024-04-16,2024-05-10
BR1794,M126,B009,2026-04-26,2026-05-21
BR1795,M099,B120,2024-07-22,2024-07-27
BR1796,M135,B030,2024-08-26,2024-09-07
BR1797,M133,B004,2024-02-28,2024-03-13
BR1798,M106,B168,2024-11-30,2024-12-30
BR1799,M138,B178,2024-04-23,2024-04-30
BR1800,M100,B385,2026-01-30,2026-02-04
BR1801,M034,B358,2026-06-05,2026-06-14
BR1802,M122,B070,2024-11-13,2024-11-29
BR1803,M052,B210,2025-08-11,2025-08-23
BR1804,M071,B090,2025-12-02,2025-12-19
BR1805,M017,B343,2024-05-26,2024-06-12
BR1806,M064,B225,2025-09-11,2025-10-09
BR1807,M118,B192,2025-08-05,2025-08-23
BR1808,M024,B124,2024-02-10,2024-03-07
BR1809,M077,B168,2025-04-12,2025-04-26
BR1810,M045,B177,2026-04-23,2026-05-21
BR1811,M111,B189,2024-07-02,2024-07-24
BR1812,M146,B045,2025-11-05,2025-11-13
BR1813,M062,B363,2025-12-16,2025-12-20
BR1814,M138,B127,2024-06-10,2024-06-21
BR1815,M056,B370,2024-03-09,2024-04-03
BR1816,M142,B053,2025-02-25,2025-03-24
BR1817,M027,B210,2025-01-12,2025-01-17
BR1818,M105,B187,2026-03-09,2026-03-22
BR1819,M130,B019,2024-09-15,2024-09-24
BR1820,M119,B165,2024-01-28,2024-02-02
BR1821,M050,B170,2026-02-02,2026-02-17
BR1822,M030,B299,2024-01-11,2024-01-22
BR1823,M119,B201,2024-05-19,2024-06-01
BR1824,M141,B278,2024-03-10,2024-03-15
BR1825,M036,B194,2025-12-31,2026-01-17
BR1826,M042,B073,2024-10-12,2024-11-10
BR1827,M026,B076,2024-01-19,2024-02-10
BR1828,M101,B073,2024-05-07,2024-05-27
BR1829,M003,B287,2025-11-18,2025-12-15
BR1830,M092,B076,2024-06-06,2024-06-23
BR1831,M137,B096,2026-01-01,2026-01-05
BR1832,M134,B269,2025-12-14,2025-12-18
BR1833,M027,B168,2026-01-03,2026-01-27
BR1834,M014,B254,2024-11-11,2024-11-28
BR1835,M097,B319,2024-02-19,2024-03-17
BR1836,M062,B088,2024-09-12,2024-09-26
BR1837,M008,B398,2024-01-17,2024-02-02
BR1838,M050,B288,2024-12-11,2025-01-09
BR1839,M025,B331,2024-03-05,2024-03-15
BR1840,M043,B303,2026-04-30,2026-05-24
BR1841,M132,B048,2024-02-15,2024-03-02
BR1842,M144,B266,2024-11-30,2024-12-13
BR1843,M139,B169,2025-10-01,2025-10-10
BR1844,M060,B095,2025-03-14,2025-03-20
BR1845,M045,B006,2024-12-31,2025-01-13
BR1846,M004,B167,2025-10-31,2025-11-13
BR1847,M017,B278,2025-04-14,2025-04-24
BR1848,M095,B019,2024-10-12,2024-11-04
BR1849,M078,B320,2024-08-11,2024-08-27
BR1850,M138,B330,2025-05-26,2025-06-01
BR1851,M044,B110,2026-05-20,2026-06-10
BR1852,M084,B394,2024-04-07,2024-04-29
BR1853,M035,B146,2025-12-14,2025-12-29
BR1854,M082,B394,2025-10-12,2025-11-08
BR1855,M018,B146,2025-11-13,2025-12-01
BR1856,M115,B165,2025-09-15,2025-10-06
BR1857,M060,B210,2025-10-17,2025-11-12
BR1858,M060,B007,2025-12-22,2025-12-25
BR1859,M080,B104,2026-02-16,2026-02-22
BR1860,M063,B264,2025-03-14,2025-04-10
BR1861,M096,B206,2024-03-02,2024-03-09
BR1862,M097,B090,2024-07-25,2024-08-01
BR1863,M114,B308,2024-02-08,2024-02-18
BR1864,M072,B141,2024-12-02,2024-12-09
BR1865,M011,B222,2026-03-16,2026-04-12
BR1866,M074,B314,2025-02-28,2025-03-23
BR1867,M085,B150,2024-08-22,2024-09-21
BR1868,M014,B370,2024-07-29,2024-08-18
BR1869,M057,B260,2025-11-11,2025-11-21
BR1870,M083,B080,2025-01-25,2025-02-13
BR1871,M017,B358,2025-10-06,2025-10-09
BR1872,M014,B267,2024-03-12,2024-03-21
BR1873,M033,B043,2024-05-24,2024-06-02
BR1874,M053,B104,2025-08-29,2025-09-18
BR1875,M120,B137,2024-03-21,2024-04-06
BR1876,M063,B180,2026-01-08,2026-01-17
BR1877,M078,B121,2025-09-12,2025-09-22
BR1878,M052,B115,2025-04-04,2025-04-27
BR1879,M021,B384,2026-03-11,2026-03-29
BR1880,M097,B072,2025-01-03,2025-01-18
BR1881,M130,B260,2025-03-27,2025-04-12
BR1882,M040,B340,2025-03-19,2025-04-15
BR1883,M006,B318,2026-03-23,2026-04-10
BR1884,M022,B316,2025-03-13,2025-04-12
BR1885,M138,B069,2024-11-03,2024-11-25
BR1886,M066,B165,2026-01-14,2026-01-22
BR1887,M073,B162,2024-11-09,2024-11-26
BR1888,M019,B146,2025-09-12,2025-09-30
BR1889,M051,B069,2026-01-02,2026-01-20
BR1890,M004,B354,2024-07-13,2024-07-16
BR1891,M096,B204,2026-01-17,2026-02-12
BR1892,M096,B165,2025-03-01,2025-03-16
BR1893,M019,B174,2024-11-11,2024-12-04
BR1894,M099,B376,2024-02-09,2024-02-15
BR1895,M112,B387,2024-06-15,2024-06-24
BR1896,M090,B214,2026-02-28,2026-03-27
BR1897,M095,B291,2025-05-15,2025-06-07
BR1898,M109,B306,2025-10-28,2025-11-12
BR1899,M009,B374,2024-09-05,2024-09-23
BR1900,M008,B292,2025-01-05,2025-01-28
BR1901,M067,B258,2025-10-22,2025-10-29
BR1902,M066,B108,2025-11-28,2025-12-05
BR1903,M042,B005,2025-08-15,2025-09-08
BR1904,M099,B170,2026-02-28,2026-03-05
BR1905,M133,B370,2025-08-23,2025-08-28
BR1906,M043,B345,2026-06-16,2026-07-02
BR1907,M078,B208,2024-09-15,2024-10-10
BR1908,M098,B251,2025-06-29,2025-07-23
BR1909,M023,B048,2026-01-21,2026-02-06
BR1910,M089,B339,2025-08-09,2025-09-05
BR1911,M054,B376,2024-10-02,2024-10-28
BR1912,M079,B002,2025-02-11,2025-03-08
BR1913,M126,B002,2024-06-21,2024-07-20
BR1914,M107,B224,2024-03-12,2024-04-08
BR1915,M111,B073,2025-11-01,2025-11-13
BR1916,M035,B088,2025-01-18,2025-01-26
BR1917,M029,B187,2024-07-05,2024-07-24
BR1918,M048,B089,2026-04-13,2026-04-22
BR1919,M050,B112,2026-02-06,2026-02-14
BR1920,M113,B266,2026-06-11,2026-06-27
BR1921,M043,B038,2025-10-01,2025-10-07
BR1922,M032,B117,2024-03-28,2024-04-12
BR1923,M150,B104,2024-12-16,2024-12-19
BR1924,M026,B003,2025-05-11,2025-06-04
BR1925,M002,B279,2024-09-29,2024-10-26
BR1926,M025,B093,2026-03-19,2026-03-23
BR1927,M097,B256,2026-03-21,2026-03-24
BR1928,M125,B194,2026-02-18,2026-03-01
BR1929,M110,B147,2024-12-11,2025-01-02
BR1930,M081,B339,2025-11-29,2025-12-12
BR1931,M103,B164,2025-01-04,2025-01-28
BR1932,M085,B336,2024-02-28,2024-03-13
BR1933,M103,B304,2024-01-04,2024-01-21
BR1934,M032,B357,2024-05-22,2024-05-25
BR1935,M064,B160,2024-10-13,2024-11-07
BR1936,M122,B218,2025-09-25,2025-10-19
BR1937,M001,B395,2025-11-07,2025-11-16
BR1938,M005,B267,2026-04-12,2026-04-25
BR1939,M084,B287,2026-06-13,2026-06-17
BR1940,M125,B170,2024-08-27,2024-09-18
BR1941,M021,B151,2025-09-19,2025-10-17
BR1942,M026,B306,2025-05-02,2025-05-26
BR1943,M050,B299,2024-10-27,2024-11-18
BR1944,M147,B329,2026-06-09,2026-06-28
BR1945,M009,B056,2026-01-03,2026-01-22
BR1946,M078,B347,2026-03-26,2026-03-31
BR1947,M120,B073,2025-07-15,2025-08-14
BR1948,M124,B279,2025-04-01,2025-04-07
BR1949,M055,B073,2024-09-03,2024-09-13
BR1950,M023,B047,2025-11-06,2025-12-01
BR1951,M042,B376,2026-01-02,2026-01-05
BR1952,M072,B098,2024-11-30,2024-12-15
BR1953,M122,B384,2024-09-20,2024-10-14
BR1954,M035,B375,2025-11-17,2025-11-23
BR1955,M126,B043,2025-10-10,2025-11-05
BR1956,M058,B376,2025-12-09,2025-12-22
BR1957,M017,B271,2026-02-23,2026-03-17
BR1958,M098,B277,2025-01-21,2025-02-15
BR1959,M112,B336,2026-03-14,2026-04-03
BR1960,M030,B126,2024-08-16,2024-08-27
BR1961,M088,B308,2024-04-24,2024-04-29
BR1962,M030,B243,2024-07-11,2024-08-06
BR1963,M081,B385,2024-05-10,2024-06-09
BR1964,M001,B137,2025-08-13,2025-09-08
BR1965,M049,B350,2025-08-27,2025-09-16
BR1966,M094,B331,2025-03-09,2025-03-22
BR1967,M134,B279,2026-03-26,2026-04-02
BR1968,M028,B169,2025-08-27,2025-09-06
BR1969,M118,B140,2025-07-05,2025-08-04
BR1970,M057,B207,2026-04-15,2026-04-27
BR1971,M073,B067,2025-04-11,2025-04-18
BR1972,M009,B254,2025-11-12,2025-12-12
BR1973,M032,B115,2024-11-12,2024-12-01
BR1974,M147,B197,2026-05-18,2026-06-12
BR1975,M127,B127,2026-04-28,2026-05-07
BR1976,M086,B069,2025-01-20,2025-01-24
BR1977,M058,B293,2026-01-03,2026-01-12
BR1978,M046,B353,2024-02-23,2024-03-24
BR1979,M077,B395,2026-01-14,2026-01-29
BR1980,M041,B399,2025-11-06,2025-12-06
BR1981,M087,B179,2025-07-15,2025-07-30
BR1982,M101,B168,2025-04-29,2025-05-13
BR1983,M073,B119,2025-06-24,2025-07-20
BR1984,M141,B168,2024-07-18,2024-08-12
BR1985,M149,B355,2024-05-14,2024-05-27
BR1986,M078,B189,2024-02-25,2024-03-26
BR1987,M036,B185,2024-06-16,2024-07-07
BR1988,M038,B093,2025-05-09,2025-05-21
BR1989,M051,B306,2026-04-03,2026-04-29
BR1990,M148,B046,2024-01-10,2024-01-24
BR1991,M038,B163,2026-03-15,2026-04-14
BR1992,M044,B375,2025-03-13,2025-04-06
BR1993,M122,B076,2024-04-08,2024-04-22
BR1994,M132,B276,2024-02-23,2024-02-29
BR1995,M039,B266,2025-08-30,2025-09-15
BR1996,M009,B053,2025-02-17,2025-02-27
BR1997,M078,B289,2025-02-10,2025-02-28
BR1998,M097,B324,2024-06-25,2024-07-18
BR1999,M023,B324,2026-03-25,2026-04-18
BR2000,M098,B116,2026-06-04,2026-07-03
